2025-07-15 19:32:46,5.0,17.5,Buona
2025-07-15 21:29:21,5.8,15.5,Buona
2025-07-15 21:43:36,6.0,13.5,Buona
2025-07-15 21:45:19,6.1,16.1,Buona
2025-07-15 21:50:15,6.2,16.0,Buona
2025-07-15 21:52:54,6.2,16.0,Buona
2025-07-15 22:44:33,6.7,15.2,Buona
2025-07-15 23:00:02,7.1,16.5,Buona
2025-07-15 23:30:03,7.1,17.6,Buona
2025-07-16 00:00:01,6.8,17.0,Buona
2025-07-16 00:30:01,7.0,16.8,Buona
2025-07-16 01:30:02,7.4,16.3,Buona
2025-07-16 02:00:01,7.6,17.8,Buona
2025-07-16 02:30:02,8.1,16.2,Buona
2025-07-16 03:00:02,8.1,18.0,Buona
2025-07-16 03:30:02,8.6,18.1,Buona
2025-07-16 04:00:02,7.5,15.3,Buona
2025-07-16 04:30:02,7.3,13.8,Buona
2025-07-16 05:30:02,9.9,20.1,Buona
2025-07-16 06:00:02,7.1,13.0,Buona
2025-07-16 06:30:02,7.0,12.9,Buona
2025-07-16 07:00:01,8.0,15.3,Buona
2025-07-16 07:30:02,7.0,13.4,Buona
2025-07-16 08:00:01,6.1,12.7,Buona
2025-07-16 08:30:02,6.0,12.5,Buona
2025-07-16 09:00:01,5.2,13.1,Buona
2025-07-16 09:30:01,5.7,11.2,Buona
2025-07-16 10:00:01,5.5,11.4,Buona
2025-07-16 10:30:01,6.2,11.3,Buona
2025-07-16 11:00:02,5.9,12.9,Buona
2025-07-16 11:30:02,5.8,12.6,Buona
2025-07-16 12:00:02,4.9,10.4,Buona
2025-07-16 12:30:02,4.9,9.0,Buona
2025-07-16 13:00:02,4.7,10.1,Buona
2025-07-16 13:30:02,4.5,10.0,Buona
2025-07-16 14:00:02,4.4,8.9,Buona
2025-07-16 14:30:02,4.6,11.6,Buona
2025-07-16 15:00:01,4.5,10.2,Buona
2025-07-16 15:06:17,4.4,9.3,Buona
2025-07-16 15:30:02,4.8,12.4,Buona
2025-07-16 15:38:15,4.5,10.3,Buona
2025-07-16 16:00:03,4.3,9.2,Buona
2025-07-16 16:30:02,4.3,9.4,Buona
2025-07-16 17:00:01,3.9,9.8,Buona
2025-07-16 17:30:02,3.8,8.4,Buona
2025-07-16 18:00:02,4.0,8.8,Buona
2025-07-16 18:30:02,4.0,9.2,Buona
2025-07-16 19:00:01,4.0,9.3,Buona
2025-07-16 19:30:01,4.3,11.9,Buona
2025-07-16 20:00:01,4.8,12.6,Buona
2025-07-16 20:30:01,4.9,13.1,Buona
2025-07-16 21:00:02,6.7,21.4,Buona
2025-07-16 21:30:02,8.2,23.4,Buona
2025-07-16 22:00:03,9.9,27.1,Buona
2025-07-16 22:30:02,8.2,24.3,Buona
2025-07-16 23:00:02,8.1,22.2,Buona
2025-07-16 23:30:02,7.5,19.6,Buona
2025-07-17 00:00:01,7.5,21.3,Buona
2025-07-17 00:30:02,8.8,23.6,Buona
2025-07-17 01:00:02,8.7,25.5,Buona
2025-07-17 01:30:01,8.2,20.3,Buona
2025-07-17 02:00:02,8.1,23.8,Buona
2025-07-17 02:30:02,8.8,24.5,Buona
2025-07-17 03:00:02,8.2,22.9,Buona
2025-07-17 03:30:02,8.1,20.9,Buona
2025-07-17 04:00:02,8.1,21.5,Buona
2025-07-17 04:30:02,8.5,22.1,Buona
2025-07-17 05:00:02,8.6,21.6,Buona
2025-07-17 05:30:02,9.0,20.5,Buona
2025-07-17 06:00:01,9.0,19.6,Buona
2025-07-17 06:30:01,8.6,18.7,Buona
2025-07-17 07:00:02,11.1,19.7,Buona
2025-07-17 07:30:02,12.2,22.8,Buona
2025-07-17 08:00:02,11.5,22.9,Buona
2025-07-17 08:30:02,9.6,21.1,Buona
2025-07-17 09:00:02,8.6,19.1,Buona
2025-07-17 09:30:02,8.1,18.1,Buona
2025-07-17 10:00:03,7.8,16.2,Buona
2025-07-17 10:30:02,7.7,16.9,Buona
2025-07-17 11:00:02,8.5,18.9,Buona
2025-07-17 11:30:02,9.1,20.7,Buona
2025-07-17 12:00:02,8.4,17.1,Buona
2025-07-17 12:30:01,7.6,17.3,Buona
2025-07-17 13:00:02,7.2,18.6,Buona
2025-07-17 13:30:03,7.2,19.4,Buona
2025-07-17 14:00:02,7.1,16.8,Buona
2025-07-17 14:30:02,5.9,15.3,Buona
2025-07-18 08:18:11,5.6,14.8,Buona
2025-07-18 10:08:31,6.7,13.1,Buona
2025-07-18 10:30:03,7.2,13.3,Buona
2025-07-18 11:00:02,6.7,11.2,Buona
2025-07-18 11:30:01,6.2,10.9,Buona
2025-07-18 12:00:01,6.1,13.3,Buona
2025-07-18 12:30:02,7.9,19.1,Buona
2025-07-18 13:00:02,6.0,11.8,Buona
2025-07-18 13:30:02,5.0,11.4,Buona
2025-07-18 14:00:02,4.8,10.9,Buona
2025-07-18 14:30:01,5.9,11.6,Buona
2025-07-18 15:00:02,5.4,11.7,Buona
2025-07-18 15:30:02,5.3,12.3,Buona
2025-07-18 16:00:02,5.7,15.8,Buona
2025-07-18 16:30:01,7.7,16.4,Buona
2025-07-18 17:00:01,5.4,14.7,Buona
2025-07-18 17:30:02,5.5,12.7,Buona
2025-07-18 18:00:02,5.0,13.7,Buona
2025-07-18 18:30:02,4.9,13.1,Buona
2025-07-18 19:00:02,4.0,11.0,Buona
2025-07-18 19:30:02,4.6,12.0,Buona
2025-07-18 20:00:02,4.7,11.8,Buona
2025-07-18 20:30:01,4.6,11.6,Buona
2025-07-18 21:00:02,4.5,11.6,Buona
2025-07-18 21:30:01,9.3,16.8,Buona
2025-07-18 22:00:01,5.4,13.7,Buona
2025-07-18 22:30:02,5.4,13.9,Buona
2025-07-18 23:00:02,5.0,12.3,Buona
2025-07-18 23:30:01,5.3,12.6,Buona
2025-07-19 00:00:02,5.4,14.7,Buona
2025-07-19 00:30:02,5.2,13.2,Buona
2025-07-19 01:00:02,5.3,13.4,Buona
2025-07-19 01:30:02,6.5,16.2,Buona
2025-07-19 02:00:01,6.4,14.9,Buona
2025-07-19 02:30:02,5.9,12.7,Buona
2025-07-19 03:00:01,5.7,13.6,Buona
2025-07-19 03:30:02,6.1,15.8,Buona
2025-07-19 04:00:02,6.2,13.7,Buona
2025-07-19 04:30:02,6.6,16.8,Buona
2025-07-19 05:00:02,6.7,15.0,Buona
2025-07-19 05:30:01,6.7,14.5,Buona
2025-07-19 06:00:02,7.7,15.9,Buona
2025-07-19 06:30:03,6.2,13.3,Buona
2025-07-19 07:00:02,7.1,16.1,Buona
2025-07-19 07:30:03,7.1,13.2,Buona
2025-07-19 08:00:02,6.5,13.1,Buona
2025-07-19 08:30:02,7.2,14.8,Buona
2025-07-19 09:00:02,6.6,15.6,Buona
2025-07-19 09:30:03,5.1,12.5,Buona
2025-07-19 10:00:03,4.8,10.8,Buona
2025-07-19 10:30:02,4.8,10.6,Buona
2025-07-19 11:00:02,4.3,9.5,Buona
2025-07-19 11:30:01,4.6,10.5,Buona
2025-07-19 12:00:01,4.4,8.4,Buona
2025-07-19 12:30:02,3.9,8.6,Buona
2025-07-19 13:00:01,3.8,8.8,Buona
2025-07-19 13:30:02,4.1,8.1,Buona
2025-07-19 14:00:02,3.2,6.1,Buona
2025-07-19 14:30:02,3.3,8.6,Buona
2025-07-19 15:00:02,3.7,8.3,Buona
2025-07-19 15:30:02,3.1,6.3,Buona
2025-07-19 16:00:02,3.2,6.3,Buona
2025-07-19 16:30:01,3.6,8.4,Buona
2025-07-19 17:00:02,3.2,6.0,Buona
2025-07-19 17:30:02,3.1,5.8,Buona
2025-07-19 18:00:02,3.8,8.1,Buona
2025-07-19 18:30:01,3.8,9.8,Buona
2025-07-19 19:00:02,3.9,9.8,Buona
2025-07-19 19:30:02,4.0,8.6,Buona
2025-07-19 20:00:02,6.8,13.6,Buona
2025-07-19 20:30:01,4.5,10.5,Buona
2025-07-19 21:00:02,4.5,11.6,Buona
2025-07-19 21:30:02,4.4,9.6,Buona
2025-07-19 22:00:02,4.8,9.9,Buona
2025-07-19 22:30:01,5.7,10.2,Buona
2025-07-19 23:00:01,6.0,10.7,Buona
2025-07-19 23:30:02,5.4,11.0,Buona
2025-07-20 00:00:02,5.5,14.7,Buona
2025-07-20 00:30:02,5.4,10.0,Buona
2025-07-20 01:00:02,6.0,10.9,Buona
2025-07-20 01:30:02,7.8,15.3,Buona
2025-07-20 02:00:02,7.7,13.7,Buona
2025-07-20 02:30:02,10.4,17.6,Buona
2025-07-20 03:00:01,8.5,14.3,Buona
2025-07-20 03:30:01,6.0,10.0,Buona
2025-07-20 04:00:02,5.7,10.7,Buona
2025-07-20 04:30:02,6.2,12.5,Buona
2025-07-20 05:00:02,6.3,9.7,Buona
2025-07-20 05:30:01,7.4,13.0,Buona
2025-07-20 06:00:02,6.8,11.5,Buona
2025-07-20 06:30:03,6.6,10.7,Buona
2025-07-20 07:00:02,6.9,12.6,Buona
2025-07-20 07:30:02,5.9,11.3,Buona
2025-07-20 08:00:02,5.4,11.6,Buona
2025-07-20 08:30:02,4.7,8.4,Buona
2025-07-20 09:00:02,4.6,7.2,Buona
2025-07-20 09:30:02,4.9,9.5,Buona
2025-07-20 10:00:02,4.6,8.9,Buona
2025-07-20 10:30:02,4.7,9.8,Buona
2025-07-20 11:00:02,4.7,13.5,Buona
2025-07-20 11:30:02,4.8,12.7,Buona
2025-07-20 12:00:02,5.3,13.9,Buona
2025-07-20 12:30:02,5.5,12.4,Buona
2025-07-20 13:00:02,5.9,14.2,Buona
2025-07-20 13:30:02,5.6,12.1,Buona
2025-07-20 14:00:02,6.2,15.0,Buona
2025-07-20 14:30:02,6.1,16.3,Buona
2025-07-20 15:00:02,6.5,19.9,Buona
2025-07-20 15:30:02,6.7,21.3,Buona
2025-07-20 16:00:01,7.8,26.8,Buona
2025-07-20 16:30:02,8.0,22.0,Buona
2025-07-20 17:00:01,7.7,23.7,Buona
2025-07-20 17:30:02,8.0,23.5,Buona
2025-07-20 18:00:02,7.9,25.6,Buona
2025-07-20 18:30:02,7.1,21.7,Buona
2025-07-20 19:00:02,6.8,21.6,Buona
2025-07-20 19:30:02,7.2,20.4,Buona
2025-07-20 20:00:02,7.6,23.0,Buona
2025-07-20 20:30:01,7.6,22.4,Buona
2025-07-20 21:00:03,9.5,27.3,Buona
2025-07-20 21:30:02,8.8,25.3,Buona
2025-07-20 22:00:02,8.5,24.4,Buona
2025-07-20 22:30:02,9.2,29.2,Buona
2025-07-20 23:00:01,9.0,25.2,Buona
2025-07-20 23:30:01,9.2,29.0,Buona
2025-07-21 00:00:02,9.0,26.9,Buona
2025-07-21 00:30:02,9.4,28.6,Buona
2025-07-21 01:00:03,9.5,30.6,Buona
2025-07-21 01:30:02,9.8,28.3,Buona
2025-07-21 02:00:02,8.9,24.7,Buona
2025-07-21 02:30:01,8.9,25.1,Buona
2025-07-21 03:00:01,9.0,25.5,Buona
2025-07-21 03:30:02,9.0,22.5,Buona
2025-07-21 04:00:01,10.0,24.7,Buona
2025-07-21 04:30:02,9.6,22.3,Buona
2025-07-21 05:00:02,9.9,23.3,Buona
2025-07-21 05:30:02,10.5,24.8,Buona
2025-07-21 06:00:02,9.8,24.3,Buona
2025-07-21 06:30:03,10.3,21.6,Buona
2025-07-21 07:00:01,9.5,22.7,Buona
2025-07-21 07:30:02,8.6,23.5,Buona
2025-07-21 08:00:01,8.5,24.0,Buona
2025-07-21 08:30:02,7.7,20.1,Buona
2025-07-21 09:00:02,8.0,22.0,Buona
2025-07-21 09:30:02,7.2,18.7,Buona
2025-07-21 10:00:02,7.3,19.1,Buona
2025-07-21 10:30:02,8.0,21.2,Buona
2025-07-21 11:00:01,8.2,22.1,Buona
2025-07-21 11:30:02,7.8,18.2,Buona
2025-07-21 12:00:02,7.5,20.6,Buona
2025-07-21 12:30:02,7.3,21.7,Buona
2025-07-21 13:00:02,7.4,20.4,Buona
2025-07-21 13:30:02,7.4,20.3,Buona
2025-07-21 14:00:03,7.9,24.0,Buona
2025-07-21 14:30:02,8.1,24.0,Buona
2025-07-21 15:00:02,7.4,24.7,Buona
2025-07-21 15:30:02,7.0,22.2,Buona
2025-07-21 16:00:02,7.3,17.7,Buona
2025-07-21 16:30:01,6.1,18.6,Buona
2025-07-21 17:00:02,6.4,18.7,Buona
2025-07-21 17:30:02,5.9,15.1,Buona
2025-07-21 18:00:02,5.3,14.8,Buona
2025-07-21 18:30:02,6.1,17.5,Buona
2025-07-21 19:00:02,6.2,16.0,Buona
2025-07-21 19:30:02,6.3,18.1,Buona
2025-07-21 20:00:03,6.9,17.3,Buona
2025-07-21 20:30:02,6.0,15.8,Buona
2025-07-21 21:00:02,6.2,16.2,Buona
2025-07-21 21:30:02,5.9,14.8,Buona
2025-07-21 22:00:03,6.2,13.9,Buona
2025-07-21 22:30:02,6.1,18.1,Buona
2025-07-21 23:00:02,6.1,13.8,Buona
2025-07-21 23:30:02,6.6,14.4,Buona
2025-07-22 00:00:02,6.8,14.4,Buona
2025-07-22 00:30:02,8.7,15.7,Buona
2025-07-22 01:00:02,6.7,14.4,Buona
2025-07-22 01:30:02,6.3,14.9,Buona
2025-07-22 02:00:02,6.4,13.8,Buona
2025-07-22 02:30:02,6.9,13.6,Buona
2025-07-22 03:00:01,6.9,13.3,Buona
2025-07-22 03:30:02,7.2,14.7,Buona
2025-07-22 04:00:02,6.9,15.2,Buona
2025-07-22 04:30:02,7.3,15.5,Buona
2025-07-22 05:00:01,7.4,16.4,Buona
2025-07-22 05:30:02,7.2,16.9,Buona
2025-07-22 06:00:02,7.0,14.4,Buona
2025-07-22 06:30:01,7.1,15.6,Buona
2025-07-22 07:00:02,7.5,17.0,Buona
2025-07-22 07:30:02,7.3,14.2,Buona
2025-07-22 08:00:01,5.8,18.6,Buona
2025-07-22 08:30:01,4.9,16.9,Buona
2025-07-22 09:00:02,5.5,14.7,Buona
2025-07-22 09:30:02,5.0,14.9,Buona
2025-07-22 10:00:02,4.9,15.8,Buona
2025-07-22 10:30:02,5.0,15.5,Buona
2025-07-22 11:00:02,5.1,14.6,Buona
2025-07-22 11:30:03,5.1,18.3,Buona
2025-07-22 12:00:02,5.4,15.6,Buona
2025-07-22 12:30:03,5.8,18.4,Buona
2025-07-22 13:00:02,5.9,17.6,Buona
2025-07-22 13:30:01,6.0,16.8,Buona
2025-07-22 14:00:03,4.7,14.7,Buona
2025-07-22 14:30:02,4.9,15.2,Buona
2025-07-22 15:00:02,4.9,14.6,Buona
2025-07-22 15:30:02,3.3,13.1,Buona
2025-07-22 16:00:02,3.5,13.3,Buona
2025-07-22 16:30:02,3.5,14.8,Buona
2025-07-22 17:00:02,3.5,14.5,Buona
2025-07-22 17:30:02,3.9,18.0,Buona
2025-07-22 18:00:02,4.0,19.1,Buona
2025-07-22 18:30:01,4.2,17.9,Buona
2025-07-22 19:00:01,4.0,18.9,Buona
2025-07-22 19:30:02,4.5,19.7,Buona
2025-07-22 20:00:02,5.1,24.1,Buona
2025-07-22 20:30:02,5.2,22.7,Buona
2025-07-22 21:00:02,5.7,27.6,Buona
2025-07-22 21:30:01,5.6,26.2,Buona
2025-07-22 22:00:02,6.0,26.5,Buona
2025-07-22 22:30:02,6.5,26.6,Buona
2025-07-22 23:00:02,6.1,29.4,Buona
2025-07-22 23:30:02,5.8,25.1,Buona
2025-07-23 00:00:02,6.3,27.9,Buona
2025-07-23 00:30:02,6.1,28.0,Buona
2025-07-23 01:00:01,6.4,28.3,Buona
2025-07-23 01:30:02,5.8,23.9,Buona
2025-07-23 02:00:03,5.6,25.3,Buona
2025-07-23 02:30:02,7.0,23.9,Buona
2025-07-23 03:00:03,5.8,23.9,Buona
2025-07-23 03:30:02,5.2,21.9,Buona
2025-07-23 04:00:02,5.7,22.2,Buona
2025-07-23 04:30:02,6.0,25.2,Buona
2025-07-23 05:00:02,5.9,23.1,Buona
2025-07-23 05:30:02,5.9,24.1,Buona
2025-07-23 06:00:02,6.8,26.2,Buona
2025-07-23 06:30:02,6.6,27.6,Buona
2025-07-23 07:00:02,6.1,27.1,Buona
2025-07-23 07:30:02,6.5,25.0,Buona
2025-07-23 08:00:02,6.6,26.1,Buona
2025-07-23 08:30:02,5.5,20.3,Buona
2025-07-23 09:00:02,4.6,14.9,Buona
2025-07-23 09:30:02,4.8,16.2,Buona
2025-07-23 10:00:02,4.9,21.1,Buona
2025-07-23 10:30:03,5.3,19.8,Buona
2025-07-23 11:00:02,4.9,21.8,Buona
2025-07-23 11:30:02,4.5,20.1,Buona
2025-07-23 12:00:01,4.4,17.0,Buona
2025-07-23 12:30:02,4.5,20.4,Buona
2025-07-23 13:00:02,4.1,16.4,Buona
2025-07-23 13:30:02,4.3,16.4,Buona
2025-07-23 14:00:02,3.9,13.8,Buona
2025-07-23 14:30:01,4.1,15.1,Buona
2025-07-23 15:00:02,3.4,12.5,Buona
2025-07-23 15:30:02,3.8,14.3,Buona
2025-07-23 16:00:02,3.3,11.2,Buona
2025-07-23 16:30:02,3.8,13.3,Buona
2025-07-23 17:00:02,3.1,10.8,Buona
2025-07-23 17:30:01,3.1,11.0,Buona
2025-07-23 18:00:02,3.1,11.7,Buona
2025-07-23 18:30:01,3.5,12.9,Buona
2025-07-23 19:00:01,3.4,12.3,Buona
2025-07-23 19:30:02,4.0,12.8,Buona
2025-07-23 20:00:02,4.7,17.2,Buona
2025-07-23 20:30:02,4.5,16.2,Buona
2025-07-23 21:00:02,4.3,15.2,Buona
2025-07-23 21:30:02,4.6,17.4,Buona
2025-07-23 22:00:02,5.0,19.1,Buona
2025-07-23 22:30:02,4.3,15.1,Buona
2025-07-23 23:00:02,3.8,11.2,Buona
2025-07-23 23:30:02,3.8,12.9,Buona
2025-07-24 00:00:02,5.2,16.1,Buona
2025-07-24 00:30:02,3.6,10.3,Buona
2025-07-24 01:00:02,3.7,10.5,Buona
2025-07-24 01:30:02,4.2,12.8,Buona
2025-07-24 02:00:02,4.8,14.5,Buona
2025-07-24 02:30:02,4.1,13.2,Buona
2025-07-24 03:00:02,4.1,11.9,Buona
2025-07-24 03:30:02,4.2,13.3,Buona
2025-07-24 04:00:03,3.5,9.9,Buona
2025-07-24 04:30:02,3.7,10.7,Buona
2025-07-24 05:00:02,3.7,11.3,Buona
2025-07-24 05:30:02,4.1,11.6,Buona
2025-07-24 06:00:03,4.3,12.8,Buona
2025-07-24 06:30:02,4.1,13.4,Buona
2025-07-24 07:00:02,5.2,14.0,Buona
2025-07-24 07:30:01,4.9,14.8,Buona
2025-07-24 08:00:03,3.5,14.0,Buona
2025-07-24 08:30:02,3.3,8.8,Buona
2025-07-24 09:00:01,3.9,12.2,Buona
2025-07-24 09:30:02,3.6,13.2,Buona
2025-07-24 10:00:02,4.0,14.4,Buona
2025-07-24 10:30:02,3.3,11.6,Buona
2025-07-24 11:00:01,3.7,11.5,Buona
2025-07-24 11:30:02,3.4,11.3,Buona
2025-07-24 12:00:02,3.3,10.2,Buona
2025-07-24 12:30:02,3.0,7.7,Buona
2025-07-24 13:00:02,2.5,7.3,Buona
2025-07-24 13:30:02,2.5,9.6,Buona
2025-07-24 14:00:02,3.3,9.4,Buona
2025-07-24 14:30:01,2.6,7.1,Buona
2025-07-24 15:00:01,2.6,8.2,Buona
2025-07-24 15:30:02,2.5,6.1,Buona
2025-07-24 16:00:02,2.7,8.3,Buona
2025-07-24 16:30:02,2.6,6.7,Buona
2025-07-24 17:00:02,2.4,7.4,Buona
2025-07-24 17:30:02,2.4,6.2,Buona
2025-07-24 18:00:02,2.6,6.3,Buona
2025-07-24 18:30:01,2.4,5.2,Buona
2025-07-24 19:00:02,2.5,6.8,Buona
2025-07-24 19:30:02,2.7,8.8,Buona
2025-07-24 20:00:02,3.2,8.0,Buona
2025-07-24 20:30:02,2.8,7.9,Buona
2025-07-24 21:00:02,3.4,9.0,Buona
2025-07-24 21:30:01,3.0,10.8,Buona
2025-07-24 22:00:02,3.2,8.1,Buona
2025-07-24 22:30:02,3.4,8.8,Buona
2025-07-24 23:00:02,3.4,9.7,Buona
2025-07-24 23:30:03,5.0,24.1,Buona
2025-07-25 00:00:01,3.6,14.7,Buona
2025-07-25 00:30:02,4.0,15.1,Buona
2025-07-25 01:00:02,4.2,11.5,Buona
2025-07-25 01:30:03,4.7,12.0,Buona
2025-07-25 02:00:02,4.4,10.7,Buona
2025-07-25 02:30:02,8.1,16.6,Buona
2025-07-25 03:00:02,6.5,17.5,Buona
2025-07-25 03:30:02,4.4,12.9,Buona
2025-07-25 04:00:02,3.9,8.8,Buona
2025-07-25 04:30:02,3.8,8.6,Buona
2025-07-25 05:00:02,3.6,10.1,Buona
2025-07-25 05:30:02,3.3,8.4,Buona
2025-07-25 06:00:02,3.5,8.9,Buona
2025-07-25 06:30:02,3.7,7.9,Buona
2025-07-25 07:00:02,3.5,9.3,Buona
2025-07-25 07:30:02,4.1,11.4,Buona
2025-07-25 08:00:02,4.8,12.8,Buona
2025-07-25 08:30:02,4.1,12.7,Buona
2025-07-25 09:00:03,5.0,15.2,Buona
2025-07-25 09:30:02,4.7,14.5,Buona
2025-07-25 10:00:03,3.4,10.4,Buona
2025-07-25 10:30:01,3.4,9.6,Buona
2025-07-25 11:00:02,3.7,9.0,Buona
2025-07-25 11:30:01,3.1,8.8,Buona
2025-07-25 12:00:02,3.3,9.6,Buona
2025-07-25 12:30:01,3.2,9.8,Buona
2025-07-25 13:00:02,2.6,5.9,Buona
2025-07-25 13:30:02,2.5,5.9,Buona
2025-07-25 14:00:02,2.5,8.1,Buona
2025-07-25 14:30:01,2.6,6.8,Buona
2025-07-25 15:00:02,2.8,6.8,Buona
2025-07-25 15:30:01,2.6,6.6,Buona
2025-07-25 16:00:02,2.5,5.6,Buona
2025-07-25 16:30:02,2.6,9.1,Buona
2025-07-25 17:00:03,2.7,7.9,Buona
2025-07-25 17:30:02,2.6,9.5,Buona
2025-07-25 18:00:02,2.4,6.5,Buona
2025-07-25 18:30:03,2.6,6.6,Buona
2025-07-25 19:00:02,2.5,6.6,Buona
2025-07-25 19:30:02,2.3,5.4,Buona
2025-07-25 20:00:02,2.6,8.1,Buona
2025-07-25 20:30:02,3.2,9.4,Buona
2025-07-25 21:00:02,3.3,11.1,Buona
2025-07-25 21:30:02,3.9,12.8,Buona
2025-07-25 22:00:02,3.6,10.9,Buona
2025-07-25 22:30:02,3.5,10.9,Buona
2025-07-25 23:00:02,3.3,11.0,Buona
2025-07-25 23:30:01,3.5,10.7,Buona
2025-07-26 00:00:01,3.5,12.5,Buona
2025-07-26 00:30:02,3.4,12.3,Buona
2025-07-26 01:00:01,3.9,12.4,Buona
2025-07-26 01:30:02,3.3,14.3,Buona
2025-07-26 02:00:03,2.9,11.8,Buona
2025-07-26 02:30:03,2.9,10.0,Buona
2025-07-26 03:00:02,2.9,9.1,Buona
2025-07-26 03:30:02,2.9,13.3,Buona
2025-07-26 04:00:01,2.5,9.0,Buona
2025-07-26 04:30:02,2.6,8.6,Buona
2025-07-26 05:30:01,2.3,8.2,Buona
2025-07-26 06:00:02,2.1,6.1,Buona
2025-07-26 06:30:02,2.2,5.8,Buona
2025-07-26 07:00:02,2.2,6.1,Buona
2025-07-26 07:30:03,2.4,7.7,Buona
2025-07-26 08:00:02,2.4,7.8,Buona
2025-07-26 08:30:02,2.6,9.0,Buona
2025-07-26 09:00:02,2.7,9.6,Buona
2025-07-26 09:30:02,2.8,11.2,Buona
2025-07-26 10:00:02,3.2,10.8,Buona
2025-07-26 10:30:02,3.4,11.1,Buona
2025-07-26 11:00:03,3.6,11.2,Buona
2025-07-26 11:30:03,4.1,13.5,Buona
2025-07-26 12:00:02,4.0,11.1,Buona
2025-07-26 12:30:01,5.0,13.4,Buona
2025-07-26 13:00:02,5.1,13.2,Buona
2025-07-26 13:30:02,6.4,18.6,Buona
2025-07-26 14:00:02,6.3,18.5,Buona
2025-07-26 14:30:02,5.5,16.6,Buona
2025-07-26 15:00:01,6.7,18.9,Buona
2025-07-26 15:30:01,3.8,12.5,Buona
2025-07-26 16:00:02,4.5,15.6,Buona
2025-07-26 16:30:02,3.9,11.5,Buona
2025-07-26 17:00:02,2.8,6.7,Buona
2025-07-26 17:30:02,2.4,6.5,Buona
2025-07-26 18:00:02,2.4,4.5,Buona
2025-07-26 18:30:02,2.5,6.4,Buona
2025-07-26 19:00:02,3.0,9.1,Buona
2025-07-26 19:30:02,3.6,12.7,Buona
2025-07-26 20:00:01,3.3,11.9,Buona
2025-07-26 20:30:01,4.7,16.0,Buona
2025-07-26 21:00:02,4.5,15.2,Buona
2025-07-26 21:30:02,3.7,13.9,Buona
2025-07-26 22:00:02,3.8,14.0,Buona
2025-07-26 22:30:02,3.6,11.4,Buona
2025-07-26 23:00:02,3.4,10.2,Buona
2025-07-26 23:30:02,3.5,8.4,Buona
2025-07-27 00:00:02,3.4,10.3,Buona
2025-07-27 00:30:02,3.6,10.3,Buona
2025-07-27 01:00:02,3.4,9.5,Buona
2025-07-27 01:30:02,4.0,13.9,Buona
2025-07-27 02:00:02,3.0,10.3,Buona
2025-07-27 02:30:02,3.6,9.5,Buona
2025-07-27 03:00:03,3.3,9.2,Buona
2025-07-27 03:30:02,3.5,8.6,Buona
2025-07-27 04:00:02,2.9,7.1,Buona
2025-07-27 04:30:02,3.0,7.9,Buona
2025-07-27 05:00:02,2.9,6.0,Buona
2025-07-27 05:30:01,3.2,8.9,Buona
2025-07-27 06:00:02,2.8,7.0,Buona
2025-07-27 06:30:02,3.6,7.5,Buona
2025-07-27 07:00:02,3.5,8.3,Buona
2025-07-27 07:30:01,2.9,6.6,Buona
2025-07-27 08:00:01,3.0,7.2,Buona
2025-07-27 08:30:02,3.0,6.3,Buona
2025-07-27 09:00:02,2.8,7.0,Buona
2025-07-27 09:30:02,2.6,6.0,Buona
2025-07-27 10:00:02,2.5,4.9,Buona
2025-07-27 10:30:02,2.6,6.5,Buona
2025-07-27 11:00:02,2.9,6.7,Buona
2025-07-27 11:30:02,2.9,7.4,Buona
2025-07-27 12:00:02,3.2,10.9,Buona
2025-07-27 12:30:03,3.0,6.3,Buona
2025-07-27 13:00:03,2.8,7.2,Buona
2025-07-27 13:30:01,2.3,4.8,Buona
2025-07-27 14:00:02,2.6,5.8,Buona
2025-07-27 14:30:01,2.6,5.6,Buona
2025-07-27 15:00:01,3.5,6.9,Buona
2025-07-27 15:30:02,2.7,5.3,Buona
2025-07-27 16:00:01,3.0,8.6,Buona
2025-07-27 16:30:01,4.0,14.2,Buona
2025-07-27 17:00:01,3.9,12.2,Buona
2025-07-27 17:30:01,4.3,13.9,Buona
2025-07-27 18:00:02,4.0,12.9,Buona
2025-07-27 18:30:02,4.0,14.3,Buona
2025-07-27 19:00:02,4.8,17.6,Buona
2025-07-27 19:30:02,5.3,16.3,Buona
2025-07-27 20:00:02,5.2,16.1,Buona
2025-07-27 20:30:02,5.2,18.2,Buona
2025-07-27 21:00:01,5.3,16.1,Buona
2025-07-27 21:30:02,5.1,14.0,Buona
2025-07-27 22:00:02,4.9,16.3,Buona
2025-07-27 22:30:02,5.2,17.9,Buona
2025-07-27 23:00:01,5.2,17.9,Buona
2025-07-27 23:30:02,7.0,20.4,Buona
2025-07-28 00:00:01,6.7,24.1,Buona
2025-07-28 00:30:01,7.7,24.4,Buona
2025-07-28 01:00:02,7.3,23.1,Buona
2025-07-28 01:30:01,7.5,23.2,Buona
2025-07-28 02:00:02,7.7,23.7,Buona
2025-07-28 02:30:02,8.4,26.4,Buona
2025-07-28 03:00:02,8.1,23.4,Buona
2025-07-28 03:30:02,8.3,24.1,Buona
2025-07-28 04:00:02,9.0,27.3,Buona
2025-07-28 05:00:01,9.1,29.6,Buona
2025-07-28 05:30:02,8.4,25.6,Buona
2025-07-28 06:00:03,8.4,25.6,Buona
2025-07-28 06:30:02,7.8,21.9,Buona
2025-07-28 07:00:02,8.4,26.1,Buona
2025-07-28 07:30:02,8.5,26.3,Buona
2025-07-28 08:00:01,7.4,26.8,Buona
2025-07-28 08:30:02,6.8,26.4,Buona
2025-07-28 09:00:02,5.9,28.1,Buona
2025-07-28 09:30:02,6.4,26.3,Buona
2025-07-28 10:00:02,6.9,29.7,Buona
2025-07-28 10:30:02,6.7,27.8,Buona
2025-07-28 11:00:02,8.7,31.4,Buona
2025-07-28 11:30:02,9.0,32.0,Buona
2025-07-28 12:00:03,9.2,29.1,Buona
2025-07-28 12:30:02,9.0,33.6,Buona
2025-07-28 13:00:02,9.4,31.1,Buona
2025-07-28 13:30:03,9.0,27.2,Buona
2025-07-28 14:00:02,8.2,25.6,Buona
2025-07-28 14:30:02,4.2,16.3,Buona
2025-07-28 15:00:02,3.9,9.7,Buona
2025-07-28 15:30:02,4.8,12.3,Buona
2025-07-28 16:00:01,4.9,12.0,Buona
2025-07-28 16:30:01,4.9,13.6,Buona
2025-07-28 17:00:01,4.5,13.4,Buona
2025-07-28 17:30:01,3.6,10.6,Buona
2025-07-28 18:00:01,5.8,15.6,Buona
2025-07-28 18:30:02,6.5,15.1,Buona
2025-07-28 19:00:01,5.0,12.8,Buona
2025-07-28 19:30:01,4.6,13.0,Buona
2025-07-28 20:00:02,3.6,10.4,Buona
2025-07-28 20:30:03,4.1,9.6,Buona
2025-07-28 21:00:02,5.7,15.1,Buona
2025-07-28 21:30:02,4.7,10.9,Buona
2025-07-28 22:00:02,3.1,7.2,Buona
2025-07-28 22:30:01,3.3,6.2,Buona
2025-07-28 23:00:02,3.3,6.9,Buona
2025-07-28 23:30:02,2.8,6.7,Buona
2025-07-29 00:00:01,2.6,5.5,Buona
2025-07-29 00:30:02,2.1,4.0,Buona
2025-07-29 01:00:01,2.0,3.7,Buona
2025-07-29 01:30:02,1.9,2.4,Buona
2025-07-29 02:00:02,1.9,4.7,Buona
2025-07-29 02:30:02,1.5,3.2,Buona
2025-07-29 03:00:01,1.0,2.8,Buona
2025-07-29 03:30:02,1.1,2.5,Buona
2025-07-29 04:00:02,1.4,3.2,Buona
2025-07-29 04:30:01,1.5,1.8,Buona
2025-07-29 05:00:02,1.4,4.4,Buona
2025-07-29 05:30:01,1.6,3.1,Buona
2025-07-29 06:00:02,1.5,2.0,Buona
2025-07-29 06:30:02,1.8,2.8,Buona
2025-07-29 07:00:01,2.1,3.6,Buona
2025-07-29 07:30:02,2.2,4.7,Buona
2025-07-29 08:00:02,2.1,3.4,Buona
2025-07-29 08:30:02,1.8,2.8,Buona
2025-07-29 09:00:02,1.8,2.6,Buona
2025-07-29 09:30:02,1.9,5.1,Buona
2025-07-29 10:00:02,2.1,3.6,Buona
2025-07-29 10:30:01,1.9,2.1,Buona
2025-07-29 11:00:01,2.5,3.9,Buona
2025-07-29 11:30:02,2.3,3.7,Buona
2025-07-29 12:00:02,2.2,4.2,Buona
2025-07-29 12:30:02,2.0,4.5,Buona
2025-07-29 13:00:02,2.1,3.5,Buona
2025-07-29 13:30:03,1.9,4.4,Buona
2025-07-29 14:00:02,1.9,3.2,Buona
2025-07-29 14:30:02,1.8,3.6,Buona
2025-07-29 15:00:02,1.4,3.1,Buona
2025-07-29 15:30:02,1.4,1.5,Buona
2025-07-29 16:00:02,1.2,1.9,Buona
2025-07-29 16:30:03,1.0,2.9,Buona
2025-07-29 17:00:02,0.9,2.0,Buona
2025-07-29 17:30:01,1.0,2.6,Buona
2025-07-29 18:00:02,2.8,6.0,Buona
2025-07-29 18:30:02,1.0,2.0,Buona
2025-07-29 19:00:02,1.6,2.7,Buona
2025-07-29 19:30:02,2.5,4.3,Buona
2025-07-29 20:00:02,1.4,3.5,Buona
2025-07-29 20:30:03,1.6,2.7,Buona
2025-07-29 21:00:03,1.8,3.8,Buona
2025-07-29 21:30:02,2.0,5.4,Buona
2025-07-29 22:00:02,1.8,2.9,Buona
2025-07-29 22:30:02,1.5,2.2,Buona
2025-07-29 23:00:02,1.7,2.8,Buona
2025-07-29 23:30:02,1.7,3.9,Buona
2025-07-30 00:00:02,1.8,3.2,Buona
2025-07-30 00:30:02,1.6,2.4,Buona
2025-07-30 01:00:02,1.8,2.7,Buona
2025-07-30 01:30:02,2.3,4.3,Buona
2025-07-30 02:00:02,2.1,4.7,Buona
2025-07-30 02:30:02,2.2,4.9,Buona
2025-07-30 03:00:01,2.3,4.0,Buona
2025-07-30 03:30:02,2.6,5.0,Buona
2025-07-30 04:00:03,2.4,4.4,Buona
2025-07-30 04:30:02,2.4,3.9,Buona
2025-07-30 05:00:02,2.5,3.9,Buona
2025-07-30 05:30:01,2.9,4.8,Buona
2025-07-30 06:00:02,2.6,4.2,Buona
2025-07-30 06:30:02,2.8,4.7,Buona
2025-07-30 07:00:01,2.7,7.6,Buona
2025-07-30 07:30:02,2.3,6.3,Buona
2025-07-30 08:00:02,2.3,5.5,Buona
2025-07-30 08:30:01,2.1,5.1,Buona
2025-07-30 09:00:01,2.3,6.0,Buona
2025-07-30 09:30:02,2.5,6.9,Buona
2025-07-30 10:00:02,2.2,4.8,Buona
2025-07-30 10:30:02,2.3,6.8,Buona
2025-07-30 11:00:02,2.6,6.2,Buona
2025-07-30 11:30:02,2.4,4.8,Buona
2025-07-30 12:00:02,2.7,6.6,Buona
2025-07-30 12:30:02,2.9,7.6,Buona
2025-07-30 13:00:03,2.5,7.3,Buona
2025-07-30 13:30:02,2.7,6.8,Buona
2025-07-30 14:00:02,2.6,10.3,Buona
2025-07-30 14:30:01,2.5,5.0,Buona
2025-07-30 15:00:02,2.4,6.2,Buona
2025-07-30 15:30:02,2.5,5.2,Buona
2025-07-30 16:00:01,2.3,6.9,Buona
2025-07-30 16:30:02,2.3,5.7,Buona
2025-07-30 17:00:02,1.9,3.1,Buona
2025-07-30 17:30:02,2.3,5.2,Buona
2025-07-30 18:00:02,1.9,4.1,Buona
2025-07-30 18:30:02,1.9,3.0,Buona
2025-07-30 19:00:02,1.7,2.1,Buona
2025-07-30 19:30:02,2.1,5.7,Buona
2025-07-30 20:00:02,2.6,6.2,Buona
2025-07-30 20:30:01,2.4,8.9,Buona
2025-07-30 21:00:02,2.7,10.2,Buona
2025-07-30 21:30:02,3.1,10.7,Buona
2025-07-30 22:00:02,2.8,9.2,Buona
2025-07-30 22:30:01,3.0,12.0,Buona
2025-07-30 23:00:01,3.0,10.0,Buona
2025-07-30 23:30:02,2.9,8.4,Buona
2025-07-31 00:00:01,2.6,10.8,Buona
2025-07-31 00:30:02,3.1,10.5,Buona
2025-07-31 01:00:01,3.1,10.7,Buona
2025-07-31 01:30:01,4.8,13.5,Buona
2025-07-31 02:00:02,3.1,7.6,Buona
2025-07-31 02:30:01,3.0,7.7,Buona
2025-07-31 03:00:02,3.0,7.3,Buona
2025-07-31 03:30:02,2.9,6.5,Buona
2025-07-31 04:00:01,3.0,5.8,Buona
2025-07-31 04:30:03,3.0,6.2,Buona
2025-07-31 05:00:02,3.1,8.4,Buona
2025-07-31 05:30:01,3.2,8.1,Buona
2025-07-31 06:00:03,3.3,8.2,Buona
2025-07-31 06:30:02,3.3,9.7,Buona
2025-07-31 07:00:02,3.4,8.7,Buona
2025-07-31 07:30:02,3.3,8.7,Buona
2025-07-31 08:00:01,3.4,10.4,Buona
2025-07-31 08:30:02,3.2,8.6,Buona
2025-07-31 09:00:02,3.1,6.7,Buona
2025-07-31 09:30:02,3.2,7.0,Buona
2025-07-31 10:00:02,2.9,5.7,Buona
2025-07-31 10:30:02,2.8,4.5,Buona
2025-07-31 11:00:02,2.9,5.9,Buona
2025-07-31 11:30:02,3.3,8.1,Buona
2025-07-31 12:00:02,3.6,11.4,Buona
2025-07-31 12:30:01,2.7,4.4,Buona
2025-07-31 13:00:02,2.7,5.8,Buona
2025-07-31 13:30:01,3.1,5.8,Buona
2025-07-31 14:00:02,3.3,6.4,Buona
2025-07-31 14:30:02,3.3,6.6,Buona
2025-07-31 15:00:02,3.0,9.1,Buona
2025-07-31 15:30:02,3.2,10.2,Buona
2025-07-31 16:00:02,2.4,4.4,Buona
2025-07-31 16:30:02,2.5,5.7,Buona
2025-07-31 17:00:01,2.0,4.8,Buona
2025-07-31 17:30:02,2.1,4.7,Buona
2025-07-31 18:00:02,2.1,5.2,Buona
2025-07-31 18:30:02,2.5,6.2,Buona
2025-07-31 19:00:02,2.3,5.8,Buona
2025-07-31 19:30:02,2.5,6.4,Buona
2025-07-31 20:00:01,2.6,7.3,Buona
2025-07-31 20:30:02,3.3,8.1,Buona
2025-07-31 21:00:02,2.8,8.0,Buona
2025-07-31 21:30:02,3.4,11.3,Buona
2025-07-31 22:00:03,3.0,10.6,Buona
2025-07-31 22:30:01,2.9,9.6,Buona
2025-07-31 23:00:02,3.2,8.8,Buona
2025-07-31 23:30:02,2.9,8.8,Buona
2025-08-01 00:00:02,2.9,8.5,Buona
2025-08-01 00:30:02,3.8,9.6,Buona
2025-08-01 01:00:02,3.4,10.7,Buona
2025-08-01 01:30:02,3.3,8.1,Buona
2025-08-01 02:00:02,3.3,9.4,Buona
2025-08-01 02:30:02,3.5,7.9,Buona
2025-08-01 03:00:02,4.0,9.7,Buona
2025-08-01 03:30:02,3.8,11.2,Buona
2025-08-01 04:00:01,3.8,9.2,Buona
2025-08-01 04:30:02,3.2,7.1,Buona
2025-08-01 05:00:01,3.4,7.5,Buona
2025-08-01 05:30:01,3.5,8.2,Buona
2025-08-01 06:00:01,3.3,7.3,Buona
2025-08-01 06:30:02,3.6,9.0,Buona
2025-08-01 07:00:01,3.5,8.3,Buona
2025-08-01 07:30:03,4.7,12.2,Buona
2025-08-01 08:00:01,4.6,14.9,Buona
2025-08-01 08:30:02,4.4,11.2,Buona
2025-08-01 09:00:01,7.1,14.4,Buona
2025-08-01 09:30:02,4.9,12.2,Buona
2025-08-01 10:00:02,4.9,11.2,Buona
2025-08-01 10:30:02,4.5,11.2,Buona
2025-08-01 11:00:01,4.5,10.9,Buona
2025-08-01 11:30:02,3.7,10.7,Buona
2025-08-01 12:00:02,4.0,12.0,Buona
2025-08-01 12:30:02,3.9,10.5,Buona
2025-08-01 13:00:02,4.2,9.9,Buona
2025-08-01 13:30:02,4.4,11.8,Buona
2025-08-01 14:00:02,4.8,10.9,Buona
2025-08-01 14:30:02,3.9,11.7,Buona
2025-08-01 15:00:02,3.8,9.5,Buona
2025-08-01 15:30:02,4.1,10.7,Buona
2025-08-01 16:00:02,4.0,9.1,Buona
2025-08-01 16:30:01,4.0,10.4,Buona
2025-08-01 17:00:03,3.9,10.3,Buona
2025-08-01 17:30:02,3.5,8.9,Buona
2025-08-01 18:00:01,3.7,9.6,Buona
2025-08-01 18:30:02,3.9,10.3,Buona
2025-08-01 19:00:01,3.2,8.0,Buona
2025-08-01 19:30:01,3.7,8.5,Buona
2025-08-01 20:00:02,4.0,9.7,Buona
2025-08-01 20:30:02,4.0,11.3,Buona
2025-08-01 21:00:03,3.8,10.1,Buona
2025-08-01 21:30:02,3.9,9.6,Buona
2025-08-01 22:00:02,4.3,9.8,Buona
2025-08-01 22:30:02,4.4,11.2,Buona
2025-08-01 23:00:02,5.6,13.3,Buona
2025-08-01 23:30:01,4.2,10.5,Buona
2025-08-02 00:00:02,4.3,9.2,Buona
2025-08-02 00:30:02,4.8,11.9,Buona
2025-08-02 01:00:02,4.4,9.7,Buona
2025-08-02 01:30:02,4.2,10.1,Buona
2025-08-02 02:00:02,4.7,10.3,Buona
2025-08-02 02:30:02,4.4,13.2,Buona
2025-08-02 03:00:02,4.6,11.6,Buona
2025-08-02 03:30:01,4.2,9.5,Buona
2025-08-02 04:00:01,4.6,9.0,Buona
2025-08-02 04:30:02,4.6,10.0,Buona
2025-08-02 05:00:01,4.5,11.6,Buona
2025-08-02 05:30:02,4.1,10.2,Buona
2025-08-02 06:00:01,4.3,9.8,Buona
2025-08-02 06:30:02,4.8,12.4,Buona
2025-08-02 07:00:02,5.0,10.7,Buona
2025-08-02 07:30:02,4.9,13.1,Buona
2025-08-02 08:00:03,4.2,11.2,Buona
2025-08-02 08:30:02,3.4,8.9,Buona
2025-08-02 09:00:02,3.2,8.8,Buona
2025-08-02 09:30:02,3.5,9.1,Buona
2025-08-02 10:00:02,3.5,9.6,Buona
2025-08-02 10:30:02,3.8,9.9,Buona
2025-08-02 11:00:02,3.9,9.3,Buona
2025-08-02 11:30:02,4.4,12.8,Buona
2025-08-02 12:00:02,3.8,11.1,Buona
2025-08-02 12:30:02,3.7,8.3,Buona
2025-08-02 13:00:02,3.6,7.8,Buona
2025-08-02 13:30:02,3.9,9.8,Buona
2025-08-02 14:00:02,3.9,10.0,Buona
2025-08-02 14:30:02,3.8,6.7,Buona
2025-08-02 15:00:02,3.6,7.9,Buona
2025-08-02 15:30:02,3.8,7.0,Buona
2025-08-02 16:00:02,4.1,9.6,Buona
2025-08-02 16:30:01,4.0,9.5,Buona
2025-08-02 17:00:01,3.9,7.0,Buona
2025-08-02 17:30:02,4.9,9.2,Buona
2025-08-02 18:00:01,4.2,8.9,Buona
2025-08-02 18:30:02,4.0,9.5,Buona
2025-08-02 19:00:01,3.3,7.4,Buona
2025-08-02 19:30:02,3.5,7.0,Buona
2025-08-02 20:00:02,3.8,9.6,Buona
2025-08-02 20:30:02,3.5,7.6,Buona
2025-08-02 21:00:02,3.8,10.2,Buona
2025-08-02 21:30:02,3.9,8.4,Buona
2025-08-02 22:00:02,3.7,7.4,Buona
2025-08-02 22:30:02,3.7,8.0,Buona
2025-08-02 23:00:02,3.6,9.3,Buona
2025-08-02 23:30:02,4.0,11.1,Buona
2025-08-03 00:00:02,4.3,11.4,Buona
2025-08-03 00:30:02,4.9,12.2,Buona
2025-08-03 01:00:01,5.0,14.7,Buona
2025-08-03 01:30:01,4.9,14.4,Buona
2025-08-03 02:00:02,5.8,19.6,Buona
2025-08-03 02:30:02,5.3,19.0,Buona
2025-08-03 03:00:02,5.7,18.3,Buona
2025-08-03 03:30:01,6.2,21.2,Buona
2025-08-03 04:00:02,5.8,17.6,Buona
2025-08-03 04:30:01,5.6,19.9,Buona
2025-08-03 05:00:01,5.5,19.1,Buona
2025-08-03 05:30:02,6.1,17.5,Buona
2025-08-03 06:00:01,5.9,17.1,Buona
2025-08-03 06:30:01,5.4,15.8,Buona
2025-08-03 07:00:02,5.6,15.9,Buona
2025-08-03 07:30:02,6.5,17.7,Buona
2025-08-03 08:00:02,5.3,15.2,Buona
2025-08-03 08:30:01,5.8,17.5,Buona
2025-08-03 09:00:02,6.4,21.2,Buona
2025-08-03 09:30:02,6.5,24.5,Buona
2025-08-03 10:00:02,11.0,26.0,Buona
2025-08-03 10:30:02,6.6,20.3,Buona
2025-08-03 11:00:02,5.6,19.6,Buona
2025-08-03 11:30:01,5.2,15.1,Buona
2025-08-03 12:00:02,5.7,17.9,Buona
2025-08-03 12:30:02,6.6,18.8,Buona
2025-08-03 13:00:01,6.4,21.8,Buona
2025-08-03 13:30:02,5.8,19.6,Buona
2025-08-03 14:00:02,5.7,16.4,Buona
2025-08-03 14:30:02,5.9,17.9,Buona
2025-08-03 15:00:02,5.4,17.0,Buona
2025-08-03 15:30:02,5.7,16.1,Buona
2025-08-03 16:00:02,4.5,12.3,Buona
2025-08-03 16:30:02,2.9,8.3,Buona
2025-08-03 17:00:02,2.8,5.7,Buona
2025-08-03 17:30:01,3.1,7.8,Buona
2025-08-03 18:00:02,3.8,9.6,Buona
2025-08-03 18:30:01,3.9,10.2,Buona
2025-08-03 19:00:02,3.9,10.5,Buona
2025-08-03 19:30:02,2.7,4.8,Buona
2025-08-03 20:00:02,2.8,5.7,Buona
2025-08-03 20:30:03,3.4,7.8,Buona
2025-08-03 21:00:02,3.2,7.0,Buona
2025-08-03 21:30:02,2.8,5.4,Buona
2025-08-03 22:00:02,3.2,7.5,Buona
2025-08-03 22:30:02,2.5,6.5,Buona
2025-08-03 23:00:02,2.4,5.0,Buona
2025-08-03 23:30:01,2.1,3.3,Buona
2025-08-04 00:00:02,2.0,3.0,Buona
2025-08-04 00:30:02,2.0,3.3,Buona
2025-08-04 01:00:02,1.9,3.3,Buona
2025-08-04 01:30:02,1.9,3.4,Buona
2025-08-04 02:00:02,1.9,3.4,Buona
2025-08-04 02:30:02,2.0,2.4,Buona
2025-08-04 03:00:02,1.9,2.9,Buona
2025-08-04 03:30:02,2.0,3.7,Buona
2025-08-04 04:00:02,2.0,3.7,Buona
2025-08-04 04:30:03,2.1,3.8,Buona
2025-08-04 05:00:01,2.2,3.3,Buona
2025-08-04 05:30:02,2.2,3.9,Buona
2025-08-04 06:00:02,2.1,3.3,Buona
2025-08-04 06:30:02,2.3,6.3,Buona
2025-08-04 07:00:02,2.0,4.4,Buona
2025-08-04 07:30:02,2.0,4.0,Buona
2025-08-04 08:00:02,1.9,3.3,Buona
2025-08-04 08:30:02,2.0,5.1,Buona
2025-08-04 09:00:01,2.3,3.8,Buona
2025-08-04 09:30:02,2.2,4.6,Buona
2025-08-04 10:00:02,2.2,3.9,Buona
2025-08-04 10:30:02,2.2,6.0,Buona
2025-08-04 11:00:01,2.3,4.1,Buona
2025-08-04 11:30:02,2.3,3.9,Buona
2025-08-04 12:00:02,2.5,4.2,Buona
2025-08-04 12:30:02,2.6,5.5,Buona
2025-08-04 13:00:02,2.5,3.5,Buona
2025-08-04 13:30:02,2.6,5.3,Buona
2025-08-04 14:00:03,2.4,5.8,Buona
2025-08-04 14:30:01,2.6,4.3,Buona
2025-08-04 15:00:02,3.6,23.0,Buona
2025-08-04 15:30:02,3.2,17.3,Buona
2025-08-04 16:00:02,3.2,13.9,Buona
2025-08-04 16:30:02,2.7,10.6,Buona
2025-08-04 17:00:02,2.4,11.1,Buona
2025-08-04 17:30:02,2.3,10.0,Buona
2025-08-04 18:00:02,2.6,8.9,Buona
2025-08-04 18:30:02,2.4,8.7,Buona
2025-08-04 19:00:02,3.1,14.9,Buona
2025-08-04 19:30:02,2.9,10.0,Buona
2025-08-04 20:00:02,2.4,9.5,Buona
2025-08-04 20:30:01,2.6,7.9,Buona
2025-08-04 21:00:01,2.7,7.2,Buona
2025-08-04 21:30:02,2.5,7.0,Buona
2025-08-04 22:00:02,2.6,10.1,Buona
2025-08-04 22:30:01,2.6,8.0,Buona
2025-08-04 23:00:01,3.0,8.4,Buona
2025-08-04 23:30:02,2.9,8.0,Buona
2025-08-05 00:00:01,2.5,6.6,Buona
2025-08-05 00:30:01,2.6,7.3,Buona
2025-08-05 01:00:01,2.2,5.9,Buona
2025-08-05 01:30:02,1.9,3.3,Buona
2025-08-05 02:00:02,2.0,2.8,Buona
2025-08-05 02:30:02,2.0,3.0,Buona
2025-08-05 03:00:02,1.6,1.9,Buona
2025-08-05 03:30:02,1.7,2.1,Buona
2025-08-05 04:00:02,1.6,2.8,Buona
2025-08-05 04:30:02,2.2,4.0,Buona
2025-08-05 05:00:02,1.6,2.1,Buona
2025-08-05 05:30:02,1.2,1.6,Buona
2025-08-05 06:00:02,1.5,2.7,Buona
2025-08-05 06:30:02,1.6,3.6,Buona
2025-08-05 07:00:02,1.6,4.1,Buona
2025-08-05 07:30:02,1.9,3.5,Buona
2025-08-05 08:00:02,1.9,4.1,Buona
2025-08-05 08:30:02,1.9,7.0,Buona
2025-08-05 09:00:01,1.8,3.1,Buona
2025-08-05 09:30:02,2.2,5.9,Buona
2025-08-05 10:00:01,1.9,3.3,Buona
2025-08-05 10:30:03,2.0,3.9,Buona
2025-08-05 11:00:02,1.5,2.0,Buona
2025-08-05 11:30:01,2.3,5.3,Buona
2025-08-05 12:00:02,1.7,2.0,Buona
2025-08-05 12:30:02,1.9,5.1,Buona
2025-08-05 13:00:02,2.0,4.0,Buona
2025-08-05 13:30:02,2.0,7.1,Buona
2025-08-05 14:00:02,2.3,9.8,Buona
2025-08-05 14:30:01,2.4,10.6,Buona
2025-08-05 15:00:02,2.5,7.1,Buona
2025-08-05 15:30:02,2.7,12.7,Buona
2025-08-05 16:00:02,4.1,16.3,Buona
2025-08-05 16:30:02,2.9,10.0,Buona
2025-08-05 17:00:02,2.9,9.9,Buona
2025-08-05 17:30:02,3.3,21.4,Buona
2025-08-05 18:00:02,2.8,10.6,Buona
2025-08-05 18:30:02,3.2,13.4,Buona
2025-08-05 19:00:02,2.9,11.8,Buona
2025-08-05 19:30:01,2.8,9.2,Buona
2025-08-05 20:00:02,3.0,11.2,Buona
2025-08-05 20:30:02,2.8,7.1,Buona
2025-08-05 21:00:02,2.8,6.7,Buona
2025-08-05 21:30:02,3.6,9.8,Buona
2025-08-05 22:00:02,3.2,7.9,Buona
2025-08-05 22:30:02,3.0,7.2,Buona
2025-08-05 23:00:02,3.6,9.1,Buona
2025-08-05 23:30:02,3.4,7.6,Buona
2025-08-06 00:00:02,3.8,9.6,Buona
2025-08-06 00:30:02,3.3,8.8,Buona
2025-08-06 01:00:02,3.3,8.5,Buona
2025-08-06 01:30:02,3.6,9.1,Buona
2025-08-06 02:00:02,3.4,7.8,Buona
2025-08-06 02:30:02,4.1,11.3,Buona
2025-08-06 03:00:02,3.4,7.9,Buona
2025-08-06 03:30:03,2.9,5.1,Buona
2025-08-06 04:00:02,3.2,7.9,Buona
2025-08-06 04:30:02,3.3,8.1,Buona
2025-08-06 05:00:02,3.8,11.0,Buona
2025-08-06 05:30:01,4.1,12.0,Buona
2025-08-06 06:00:02,3.8,7.8,Buona
2025-08-06 06:30:02,3.0,7.2,Buona
2025-08-06 07:00:01,3.7,9.4,Buona
2025-08-06 07:30:02,4.0,10.5,Buona
2025-08-06 08:00:02,4.7,15.6,Buona
2025-08-06 08:30:02,4.4,14.6,Buona
2025-08-06 09:00:02,3.3,11.8,Buona
2025-08-06 09:30:02,3.1,9.6,Buona
2025-08-06 10:00:02,3.6,9.2,Buona
2025-08-06 10:30:01,3.4,7.7,Buona
2025-08-06 11:00:02,3.4,8.9,Buona
2025-08-06 11:30:01,3.1,7.2,Buona
2025-08-06 12:00:02,3.3,9.1,Buona
2025-08-06 12:30:01,3.2,9.2,Buona
2025-08-06 13:00:02,2.7,5.9,Buona
2025-08-06 13:30:02,3.0,6.0,Buona
2025-08-06 14:00:02,2.8,5.2,Buona
2025-08-06 14:30:01,2.7,5.5,Buona
2025-08-06 15:00:01,2.6,4.2,Buona
2025-08-06 15:30:02,2.7,5.3,Buona
2025-08-06 16:00:02,2.5,6.7,Buona
2025-08-06 16:30:02,2.8,7.4,Buona
2025-08-06 17:00:02,2.8,6.7,Buona
2025-08-06 17:30:02,2.9,6.1,Buona
2025-08-06 18:00:02,2.7,5.2,Buona
2025-08-06 18:30:02,2.6,7.4,Buona
2025-08-06 19:00:01,2.5,7.9,Buona
2025-08-06 19:30:01,2.9,7.2,Buona
2025-08-06 20:00:02,3.0,5.6,Buona
2025-08-06 20:30:02,3.1,8.0,Buona
2025-08-06 21:00:02,3.1,8.4,Buona
2025-08-06 21:30:03,3.2,9.8,Buona
2025-08-06 22:00:02,3.4,8.7,Buona
2025-08-06 22:30:02,3.0,5.7,Buona
2025-08-06 23:00:02,3.1,6.4,Buona
2025-08-06 23:30:02,3.4,9.6,Buona
2025-08-07 00:00:02,3.8,9.6,Buona
2025-08-07 00:30:01,3.1,9.3,Buona
2025-08-07 01:00:02,3.7,8.2,Buona
2025-08-07 01:30:02,3.4,7.9,Buona
2025-08-07 02:00:02,3.4,9.6,Buona
2025-08-07 02:30:01,3.9,9.5,Buona
2025-08-07 03:00:01,4.3,9.2,Buona
2025-08-07 03:30:02,3.7,8.9,Buona
2025-08-07 04:00:01,4.0,8.4,Buona
2025-08-07 04:30:02,4.4,11.1,Buona
2025-08-07 05:00:02,4.3,8.9,Buona
2025-08-07 05:30:02,4.0,7.9,Buona
2025-08-07 06:00:02,4.2,11.5,Buona
2025-08-07 06:30:01,4.3,11.6,Buona
2025-08-07 07:00:01,4.4,11.6,Buona
2025-08-07 07:30:03,4.3,13.2,Buona
2025-08-07 08:00:02,4.4,11.4,Buona
2025-08-07 08:30:02,5.2,17.0,Buona
2025-08-07 09:00:01,3.8,15.2,Buona
2025-08-07 09:30:02,4.0,10.0,Buona
2025-08-07 10:00:02,3.8,9.3,Buona
2025-08-07 10:30:01,4.1,11.6,Buona
2025-08-07 11:00:02,3.5,7.6,Buona
2025-08-07 11:30:02,3.7,8.2,Buona
2025-08-07 12:00:02,3.3,8.4,Buona
2025-08-07 12:30:02,3.5,6.1,Buona
2025-08-07 13:00:02,3.2,7.6,Buona
2025-08-07 13:30:02,3.3,6.9,Buona
2025-08-07 14:00:02,3.6,7.3,Buona
2025-08-07 14:30:02,4.1,8.5,Buona
2025-08-07 15:00:03,3.5,6.7,Buona
2025-08-07 15:30:02,3.7,5.6,Buona
2025-08-07 16:30:02,3.2,5.9,Buona
2025-08-07 17:00:02,2.7,5.6,Buona
2025-08-07 17:30:02,3.1,7.3,Buona
2025-08-07 18:00:01,2.8,5.5,Buona
2025-08-07 18:30:01,2.9,7.8,Buona
2025-08-07 19:00:01,2.9,5.1,Buona
2025-08-07 19:30:02,2.8,6.6,Buona
2025-08-07 20:00:02,2.8,5.5,Buona
2025-08-07 20:30:02,3.1,7.0,Buona
2025-08-07 21:00:02,3.4,5.9,Buona
2025-08-07 21:30:02,3.8,6.9,Buona
2025-08-07 22:00:03,3.7,9.0,Buona
2025-08-07 22:30:02,3.3,6.0,Buona
2025-08-07 23:00:02,3.6,7.0,Buona
2025-08-07 23:30:02,3.3,6.9,Buona
2025-08-08 00:00:02,4.2,10.6,Buona
2025-08-08 00:30:02,3.8,8.4,Buona
2025-08-08 01:00:02,4.7,12.7,Buona
2025-08-08 01:30:02,5.3,12.2,Buona
2025-08-08 02:00:02,5.0,10.4,Buona
2025-08-08 02:30:01,5.2,10.7,Buona
2025-08-08 03:00:01,4.5,8.6,Buona
2025-08-08 03:30:01,4.8,9.4,Buona
2025-08-08 04:00:02,4.8,9.0,Buona
2025-08-08 04:30:02,5.2,13.1,Buona
2025-08-08 05:00:02,5.2,9.7,Buona
2025-08-08 05:30:01,5.4,11.7,Buona
2025-08-08 06:00:01,5.3,11.9,Buona
2025-08-08 06:30:01,7.7,13.4,Buona
2025-08-08 07:00:02,10.8,19.2,Buona
2025-08-08 08:00:02,6.5,16.7,Buona
2025-08-08 09:00:02,4.9,15.5,Buona
2025-08-08 09:30:02,4.8,11.1,Buona
2025-08-08 10:00:02,4.2,9.3,Buona
2025-08-08 10:30:02,4.2,11.4,Buona
2025-08-08 11:00:02,4.0,10.9,Buona
2025-08-08 11:30:02,4.4,11.0,Buona
2025-08-08 12:00:02,4.4,9.4,Buona
2025-08-08 12:30:01,3.7,9.6,Buona
2025-08-08 13:00:01,4.1,8.8,Buona
2025-08-08 13:30:01,3.9,10.2,Buona
2025-08-08 14:00:01,3.7,7.2,Buona
2025-08-08 14:30:02,3.6,9.1,Buona
2025-08-08 15:00:01,3.2,4.9,Buona
2025-08-08 15:30:02,3.1,5.3,Buona
2025-08-08 16:00:03,2.9,7.2,Buona
2025-08-08 16:30:03,3.1,7.1,Buona
2025-08-08 17:00:02,3.2,6.9,Buona
2025-08-08 17:30:02,3.0,5.8,Buona
2025-08-08 18:00:02,3.3,6.4,Buona
2025-08-08 18:30:02,2.9,5.1,Buona
2025-08-08 19:00:02,2.8,6.1,Buona
2025-08-08 19:30:02,3.2,6.8,Buona
2025-08-08 20:00:02,3.0,4.7,Buona
2025-08-08 20:30:02,3.3,7.4,Buona
2025-08-08 21:00:02,3.5,5.5,Buona
2025-08-08 21:30:02,3.4,5.9,Buona
2025-08-08 22:00:03,3.3,6.0,Buona
2025-08-08 22:30:01,3.8,7.5,Buona
2025-08-08 23:00:02,3.9,9.0,Buona
2025-08-08 23:30:02,4.1,9.0,Buona
2025-08-09 00:00:02,4.1,8.2,Buona
2025-08-09 00:30:02,4.5,10.2,Buona
2025-08-09 01:00:02,4.0,9.7,Buona
2025-08-09 01:30:02,4.6,9.5,Buona
2025-08-09 02:00:02,4.5,8.6,Buona
2025-08-09 02:30:02,4.4,7.5,Buona
2025-08-09 03:00:02,4.5,9.8,Buona
2025-08-09 03:30:02,4.9,12.3,Buona
2025-08-09 04:00:02,5.1,11.8,Buona
2025-08-09 04:30:02,5.6,12.4,Buona
2025-08-09 05:00:02,5.5,13.9,Buona
2025-08-09 05:30:02,5.5,12.8,Buona
2025-08-09 06:00:02,5.2,11.0,Buona
2025-08-09 06:30:02,5.6,14.5,Buona
2025-08-09 07:00:02,5.7,14.8,Buona
2025-08-09 07:30:02,5.9,13.5,Buona
2025-08-09 08:00:02,5.8,12.5,Buona
2025-08-09 08:30:02,4.7,12.1,Buona
2025-08-09 09:00:01,4.1,8.7,Buona
2025-08-09 09:30:02,3.5,7.5,Buona
2025-08-09 10:00:02,4.0,8.1,Buona
2025-08-09 10:30:02,3.9,8.2,Buona
2025-08-09 11:00:02,4.8,10.3,Buona
2025-08-09 11:30:01,4.0,8.4,Buona
2025-08-09 12:00:01,4.0,7.6,Buona
2025-08-09 12:30:02,4.1,8.8,Buona
2025-08-09 13:00:01,5.8,11.9,Buona
2025-08-09 13:30:03,6.1,11.7,Buona
2025-08-09 14:00:02,4.4,8.9,Buona
2025-08-09 14:30:03,6.7,11.5,Buona
2025-08-09 15:00:01,5.8,9.7,Buona
2025-08-09 15:30:02,5.3,9.6,Buona
2025-08-09 16:00:01,4.9,7.4,Buona
2025-08-09 16:30:02,4.6,8.5,Buona
2025-08-09 17:00:02,4.0,6.8,Buona
2025-08-09 17:30:03,4.9,8.7,Buona
2025-08-09 18:00:02,4.8,8.6,Buona
2025-08-09 18:30:01,3.4,6.0,Buona
2025-08-09 19:00:02,3.6,6.0,Buona
2025-08-09 19:30:02,3.8,7.6,Buona
2025-08-09 20:00:01,3.3,6.2,Buona
2025-08-09 20:30:01,3.8,6.7,Buona
2025-08-09 21:00:02,3.7,6.4,Buona
2025-08-09 21:30:02,3.9,6.2,Buona
2025-08-09 22:00:03,4.2,8.8,Buona
2025-08-09 22:30:02,4.2,7.8,Buona
2025-08-09 23:00:01,4.3,7.7,Buona
2025-08-09 23:30:02,4.3,8.9,Buona
2025-08-10 00:00:03,4.3,7.7,Buona
2025-08-10 00:30:02,4.7,8.2,Buona
2025-08-10 01:00:02,5.0,8.9,Buona
2025-08-10 01:30:03,5.7,10.2,Buona
2025-08-10 02:00:02,6.2,11.1,Buona
2025-08-10 02:30:02,9.4,14.7,Buona
2025-08-10 03:00:02,7.1,11.3,Buona
2025-08-10 03:30:02,5.6,10.0,Buona
2025-08-10 04:00:02,5.6,10.2,Buona
2025-08-10 04:30:02,6.2,12.2,Buona
2025-08-10 05:00:02,7.1,11.9,Buona
2025-08-10 05:30:01,5.8,11.0,Buona
2025-08-10 06:00:03,6.0,10.8,Buona
2025-08-10 06:30:02,6.3,11.8,Buona
2025-08-10 07:00:01,5.6,13.0,Buona
2025-08-10 07:30:02,5.5,10.5,Buona
2025-08-10 08:00:02,4.8,8.7,Buona
2025-08-10 08:30:02,5.0,10.9,Buona
2025-08-10 09:00:02,4.8,11.9,Buona
2025-08-10 09:30:02,4.6,9.7,Buona
2025-08-10 10:00:02,4.8,13.8,Buona
2025-08-10 10:30:02,5.0,10.6,Buona
2025-08-10 11:00:02,4.9,9.9,Buona
2025-08-10 11:30:01,5.7,10.9,Buona
2025-08-10 12:00:01,24.3,34.3,Moderata
2025-08-10 12:30:02,7.2,11.5,Buona
2025-08-10 13:00:02,5.5,9.2,Buona
2025-08-10 13:30:02,4.5,8.2,Buona
2025-08-10 14:00:01,5.0,8.4,Buona
2025-08-10 14:30:02,5.3,9.8,Buona
2025-08-10 15:00:02,4.9,10.8,Buona
2025-08-10 15:30:01,5.4,9.2,Buona
2025-08-10 16:00:02,5.7,9.3,Buona
2025-08-10 16:30:02,4.7,9.3,Buona
2025-08-10 17:00:01,4.4,7.8,Buona
2025-08-10 17:30:02,4.5,8.0,Buona
2025-08-10 18:00:02,4.2,8.5,Buona
2025-08-10 18:30:02,4.1,8.5,Buona
2025-08-10 19:00:01,4.1,8.2,Buona
2025-08-10 19:30:02,4.4,8.3,Buona
2025-08-10 20:00:02,4.5,7.3,Buona
2025-08-10 20:30:02,4.8,10.2,Buona
2025-08-10 21:00:02,4.9,9.3,Buona
2025-08-10 21:30:02,6.0,11.6,Buona
2025-08-10 22:00:02,5.8,10.7,Buona
2025-08-10 22:30:02,5.6,8.3,Buona
2025-08-10 23:00:02,6.4,10.9,Buona
2025-08-10 23:30:02,7.1,11.9,Buona
2025-08-11 00:00:02,6.7,11.4,Buona
2025-08-11 00:30:01,7.0,11.1,Buona
2025-08-11 01:00:01,6.8,10.6,Buona
2025-08-11 01:30:02,7.5,14.6,Buona
2025-08-11 02:00:02,7.3,12.7,Buona
2025-08-11 02:30:01,7.4,12.6,Buona
2025-08-11 03:00:02,6.8,12.2,Buona
2025-08-11 03:30:02,6.9,12.0,Buona
2025-08-11 04:00:02,6.3,11.0,Buona
2025-08-11 04:30:03,5.8,12.5,Buona
2025-08-11 05:00:02,6.6,11.7,Buona
2025-08-11 05:30:01,5.9,11.9,Buona
2025-08-11 06:00:02,6.1,9.9,Buona
2025-08-11 06:30:02,6.2,13.8,Buona
2025-08-11 07:00:02,6.0,11.8,Buona
2025-08-11 07:30:02,5.7,11.3,Buona
2025-08-11 08:00:03,6.0,12.7,Buona
2025-08-11 08:30:02,6.5,15.6,Buona
2025-08-11 09:00:01,6.3,15.1,Buona
2025-08-11 09:30:01,7.1,16.0,Buona
2025-08-11 10:00:01,6.2,11.6,Buona
2025-08-11 10:30:02,5.9,11.6,Buona
2025-08-11 11:00:03,6.6,10.5,Buona
2025-08-11 11:30:02,6.8,13.3,Buona
2025-08-11 12:00:02,6.6,12.0,Buona
2025-08-11 12:30:02,7.4,14.2,Buona
2025-08-11 13:00:02,7.5,12.3,Buona
2025-08-11 13:30:02,6.8,12.3,Buona
2025-08-11 14:00:02,5.8,11.2,Buona
2025-08-11 14:30:02,5.5,9.7,Buona
2025-08-11 15:00:02,5.4,9.9,Buona
2025-08-11 15:30:01,5.4,13.8,Buona
2025-08-11 16:00:02,5.2,10.3,Buona
2025-08-11 16:30:02,5.3,11.5,Buona
2025-08-11 17:00:02,5.0,9.9,Buona
2025-08-11 17:30:02,5.4,9.6,Buona
2025-08-11 18:00:02,4.7,7.4,Buona
2025-08-11 18:30:02,5.0,8.2,Buona
2025-08-11 19:00:03,5.1,8.7,Buona
2025-08-11 19:30:02,5.3,10.0,Buona
2025-08-11 20:00:01,5.9,9.6,Buona
2025-08-11 20:30:02,5.8,11.5,Buona
2025-08-11 21:00:02,6.0,11.0,Buona
2025-08-11 21:30:02,6.8,13.6,Buona
2025-08-11 22:00:02,6.7,13.2,Buona
2025-08-11 22:30:02,6.8,13.0,Buona
2025-08-11 23:00:02,7.1,12.3,Buona
2025-08-11 23:30:02,6.7,12.6,Buona
2025-08-12 00:00:02,7.0,12.4,Buona
2025-08-12 00:30:02,7.4,14.5,Buona
2025-08-12 01:00:01,7.9,14.4,Buona
2025-08-12 01:30:02,7.6,16.0,Buona
2025-08-12 02:00:02,7.6,11.7,Buona
2025-08-12 02:30:02,7.3,12.1,Buona
2025-08-12 03:00:02,7.6,13.3,Buona
2025-08-12 03:30:01,7.6,13.1,Buona
2025-08-12 04:00:01,8.0,13.2,Buona
2025-08-12 04:30:02,8.1,15.1,Buona
2025-08-12 05:00:01,7.5,13.4,Buona
2025-08-12 05:30:01,8.1,13.5,Buona
2025-08-12 06:00:01,8.1,14.3,Buona
2025-08-12 06:30:02,7.4,12.6,Buona
2025-08-12 07:00:02,7.3,14.4,Buona
2025-08-12 07:30:02,7.3,13.7,Buona
2025-08-12 08:00:02,6.9,14.5,Buona
2025-08-12 08:30:02,6.7,14.5,Buona
2025-08-12 09:00:02,6.7,11.6,Buona
2025-08-12 09:30:02,7.1,13.4,Buona
2025-08-12 10:00:02,6.3,13.6,Buona
2025-08-12 10:30:02,6.3,11.3,Buona
2025-08-12 11:00:01,6.6,15.7,Buona
2025-08-12 11:30:03,6.7,12.0,Buona
2025-08-12 12:00:02,6.6,11.1,Buona
2025-08-12 12:30:02,6.8,11.6,Buona
2025-08-12 13:00:02,6.2,10.8,Buona
2025-08-12 13:30:02,5.5,9.8,Buona
2025-08-12 14:00:01,5.6,10.2,Buona
2025-08-12 14:30:02,5.2,8.8,Buona
2025-08-12 15:00:02,5.6,9.5,Buona
2025-08-12 15:30:02,6.4,11.6,Buona
2025-08-12 16:00:01,5.6,8.7,Buona
2025-08-12 17:00:02,6.8,13.1,Buona
2025-08-12 17:30:03,6.8,14.3,Buona
2025-08-12 18:00:02,6.8,12.9,Buona
2025-08-12 18:30:02,6.9,15.1,Buona
2025-08-12 19:00:01,6.9,15.1,Buona
2025-08-12 19:30:02,8.3,11.8,Buona
2025-08-12 20:00:02,8.3,14.6,Buona
2025-08-12 20:30:03,8.4,13.7,Buona
2025-08-12 21:00:02,8.5,16.4,Buona
2025-08-12 21:30:01,9.0,16.6,Buona
2025-08-12 22:00:02,9.5,17.6,Buona
2025-08-12 22:30:01,10.6,17.3,Buona
2025-08-12 23:00:01,10.1,17.4,Buona
2025-08-12 23:30:02,10.5,18.1,Buona
2025-08-13 00:00:02,10.6,15.6,Buona
2025-08-13 00:30:02,9.5,14.7,Buona
2025-08-13 01:00:02,10.1,16.6,Buona
2025-08-13 01:30:02,10.3,17.1,Buona
2025-08-13 02:00:01,9.5,15.7,Buona
2025-08-13 02:30:03,10.3,14.9,Buona
2025-08-13 03:00:03,10.3,18.7,Buona
2025-08-13 03:30:02,10.5,17.4,Buona
2025-08-13 04:00:02,10.6,16.2,Buona
2025-08-13 04:30:02,9.9,15.1,Buona
2025-08-13 05:00:02,9.6,14.1,Buona
2025-08-13 05:30:02,9.9,15.4,Buona
2025-08-13 06:00:01,9.7,14.4,Buona
2025-08-13 06:30:03,9.3,15.1,Buona
2025-08-13 07:00:02,9.4,15.5,Buona
2025-08-13 07:30:02,9.3,16.7,Buona
2025-08-13 08:00:01,9.5,17.8,Buona
2025-08-13 08:30:02,9.2,15.6,Buona
2025-08-13 09:00:02,8.0,14.2,Buona
2025-08-13 09:30:02,9.1,17.0,Buona
2025-08-13 10:00:02,9.4,19.3,Buona
2025-08-13 10:30:02,8.7,16.5,Buona
2025-08-13 11:00:02,8.5,15.8,Buona
2025-08-13 11:30:01,8.1,12.2,Buona
2025-08-13 12:00:02,7.9,11.6,Buona
2025-08-13 12:30:02,9.2,14.6,Buona
2025-08-13 13:00:02,7.7,13.1,Buona
2025-08-13 13:30:02,9.4,14.2,Buona
2025-08-13 14:00:02,8.5,13.4,Buona
2025-08-13 14:30:02,6.8,11.9,Buona
2025-08-13 15:00:01,6.5,10.2,Buona
2025-08-13 15:30:02,6.6,10.6,Buona
2025-08-13 16:00:02,8.4,12.9,Buona
2025-08-13 16:30:02,9.4,14.3,Buona
2025-08-13 17:00:02,9.5,13.7,Buona
2025-08-13 17:30:02,9.8,14.4,Buona
2025-08-13 18:00:02,10.0,15.8,Buona
2025-08-13 18:30:01,9.1,13.4,Buona
2025-08-13 19:00:02,8.0,13.5,Buona
2025-08-13 19:30:02,8.7,12.7,Buona
2025-08-13 20:00:03,9.1,14.4,Buona
2025-08-13 20:30:02,8.9,14.3,Buona
2025-08-13 21:00:02,9.1,14.2,Buona
2025-08-13 21:30:02,10.1,14.6,Buona
2025-08-13 22:00:02,10.2,15.2,Buona
2025-08-13 22:30:02,10.0,15.9,Buona
2025-08-13 23:00:03,10.8,16.3,Buona
2025-08-13 23:30:02,11.4,19.4,Buona
2025-08-14 00:00:02,10.2,16.2,Buona
2025-08-14 00:30:02,8.7,15.5,Buona
2025-08-14 01:00:02,7.8,12.9,Buona
2025-08-14 01:30:02,8.9,14.1,Buona
2025-08-14 02:00:02,6.4,10.9,Buona
2025-08-14 02:30:02,6.4,11.9,Buona
2025-08-14 03:00:02,6.1,9.6,Buona
2025-08-14 03:30:03,6.1,10.0,Buona
2025-08-14 04:00:03,5.9,11.9,Buona
2025-08-14 04:30:02,6.0,10.2,Buona
2025-08-14 05:00:02,6.2,11.4,Buona
2025-08-14 05:30:02,6.0,12.1,Buona
2025-08-14 06:00:02,5.8,10.3,Buona
2025-08-14 06:30:02,5.9,11.4,Buona
2025-08-14 07:00:01,5.6,10.7,Buona
2025-08-14 07:30:02,6.1,10.9,Buona
2025-08-14 08:00:02,5.8,9.5,Buona
2025-08-14 08:30:02,5.6,10.5,Buona
2025-08-14 09:00:02,5.6,10.7,Buona
2025-08-14 09:30:02,5.8,10.4,Buona
2025-08-14 10:00:02,5.4,9.1,Buona
2025-08-14 10:30:02,5.6,10.2,Buona
2025-08-14 11:00:02,5.6,11.6,Buona
2025-08-14 11:30:02,5.6,12.7,Buona
2025-08-14 12:00:02,7.1,12.4,Buona
2025-08-14 12:30:01,7.0,12.3,Buona
2025-08-14 13:00:02,6.5,11.2,Buona
2025-08-14 13:30:02,6.3,13.1,Buona
2025-08-14 14:00:02,6.6,10.3,Buona
2025-08-14 14:30:02,6.0,9.5,Buona
2025-08-14 15:00:02,6.1,11.5,Buona
2025-08-14 15:30:02,5.9,9.8,Buona
2025-08-14 16:00:01,5.8,9.1,Buona
2025-08-14 16:30:01,6.2,10.9,Buona
2025-08-14 17:00:02,6.4,11.0,Buona
2025-08-14 17:30:01,5.9,11.6,Buona
2025-08-14 18:00:02,6.4,11.0,Buona
2025-08-14 18:30:02,5.9,10.3,Buona
2025-08-14 19:00:02,7.2,12.9,Buona
2025-08-14 19:30:02,6.8,11.3,Buona
2025-08-14 20:00:01,6.6,10.4,Buona
2025-08-14 20:30:02,6.6,12.5,Buona
2025-08-14 21:00:01,7.6,14.9,Buona
2025-08-14 21:30:02,7.7,14.4,Buona
2025-08-14 22:00:02,7.7,14.8,Buona
2025-08-14 22:30:02,6.1,11.2,Buona
2025-08-14 23:00:02,5.6,8.4,Buona
2025-08-14 23:30:02,5.6,9.6,Buona
2025-08-15 00:00:02,5.6,8.9,Buona
2025-08-15 00:30:02,6.2,11.1,Buona
2025-08-15 01:00:02,6.2,13.0,Buona
2025-08-15 01:30:01,6.1,10.9,Buona
2025-08-15 02:00:01,6.2,11.5,Buona
2025-08-15 02:30:01,6.9,11.0,Buona
2025-08-15 03:30:02,6.6,11.9,Buona
2025-08-15 04:00:02,6.7,11.1,Buona
2025-08-15 04:30:03,6.7,10.8,Buona
2025-08-15 05:00:03,7.2,10.5,Buona
2025-08-15 05:30:02,6.8,11.0,Buona
2025-08-15 06:00:01,6.9,11.8,Buona
2025-08-15 06:30:02,7.5,12.4,Buona
2025-08-15 07:00:02,7.5,11.7,Buona
2025-08-15 07:30:02,7.5,12.4,Buona
2025-08-15 08:00:02,7.0,11.4,Buona
2025-08-15 08:30:02,7.1,12.1,Buona
2025-08-15 09:00:02,7.3,12.5,Buona
2025-08-15 09:30:02,6.6,10.8,Buona
2025-08-15 10:00:03,7.6,12.5,Buona
2025-08-15 10:30:03,7.0,11.9,Buona
2025-08-15 11:00:02,7.9,12.6,Buona
2025-08-15 11:30:02,7.6,12.1,Buona
2025-08-15 12:00:02,7.6,12.3,Buona
2025-08-15 12:30:01,7.6,12.3,Buona
2025-08-15 13:00:02,413.0,736.6,Molto malsana
2025-08-15 13:30:02,8.0,11.5,Buona
2025-08-15 14:00:02,7.7,12.8,Buona
2025-08-15 14:30:01,6.8,10.2,Buona
2025-08-15 15:00:02,10.9,18.5,Buona
2025-08-15 15:30:02,11.4,15.2,Buona
2025-08-15 16:00:01,9.8,13.6,Buona
2025-08-15 16:30:01,10.1,14.6,Buona
2025-08-15 17:00:02,9.1,13.3,Buona
2025-08-15 17:30:02,10.0,13.7,Buona
2025-08-15 18:00:02,7.1,12.3,Buona
2025-08-15 18:30:02,7.2,11.7,Buona
2025-08-15 19:00:02,6.6,10.7,Buona
2025-08-15 19:30:02,6.2,11.8,Buona
2025-08-15 20:00:01,6.4,12.4,Buona
2025-08-15 20:30:02,4.7,7.2,Buona
2025-08-15 21:00:01,129.8,225.9,Molto malsana
2025-08-15 21:30:03,5.1,8.5,Buona
2025-08-15 22:00:02,5.0,8.8,Buona
2025-08-15 22:30:02,5.3,8.5,Buona
2025-08-15 23:00:02,5.5,7.7,Buona
2025-08-15 23:30:02,5.4,7.6,Buona
2025-08-16 00:00:02,5.3,9.3,Buona
2025-08-16 00:30:02,6.0,10.3,Buona
2025-08-16 01:00:03,6.4,11.3,Buona
2025-08-16 02:00:02,6.9,11.7,Buona
2025-08-16 02:30:02,7.1,10.1,Buona
2025-08-16 03:00:02,7.2,11.6,Buona
2025-08-16 03:30:01,7.1,10.2,Buona
2025-08-16 04:00:02,7.8,10.9,Buona
2025-08-16 04:30:02,7.5,11.3,Buona
2025-08-16 05:00:02,7.2,11.0,Buona
2025-08-16 05:30:02,7.6,11.7,Buona
2025-08-16 06:00:02,7.3,11.1,Buona
2025-08-16 07:00:02,8.2,12.4,Buona
2025-08-16 07:30:02,8.2,12.2,Buona
2025-08-16 08:00:02,9.0,15.5,Buona
2025-08-16 08:30:02,8.0,12.8,Buona
2025-08-16 09:00:02,7.8,11.9,Buona
2025-08-16 09:30:02,7.8,11.7,Buona
2025-08-16 10:00:03,7.7,12.0,Buona
2025-08-16 10:30:02,7.6,13.1,Buona
2025-08-16 11:00:01,7.0,12.4,Buona
2025-08-16 11:30:02,6.9,10.5,Buona
2025-08-16 12:00:01,6.7,9.9,Buona
2025-08-16 12:30:01,6.5,10.6,Buona
2025-08-16 13:00:02,6.8,10.4,Buona
2025-08-16 13:30:02,6.2,10.0,Buona
2025-08-16 14:00:02,7.9,13.5,Buona
2025-08-16 14:30:01,7.8,11.3,Buona
2025-08-16 15:00:02,8.1,12.6,Buona
2025-08-16 15:30:02,8.7,15.5,Buona
2025-08-16 16:00:02,8.1,13.2,Buona
2025-08-16 16:30:02,7.8,13.1,Buona
2025-08-16 17:00:02,8.1,12.7,Buona
2025-08-16 17:30:02,7.4,12.3,Buona
2025-08-16 18:30:02,7.1,12.7,Buona
2025-08-16 19:00:01,7.6,12.6,Buona
2025-08-16 19:30:02,8.5,17.5,Buona
2025-08-16 20:00:01,8.7,14.9,Buona
2025-08-16 20:30:01,8.2,12.2,Buona
2025-08-16 21:00:01,9.7,14.4,Buona
2025-08-16 21:30:01,8.4,12.9,Buona
2025-08-16 22:00:01,10.7,15.8,Buona
2025-08-16 22:30:02,8.8,12.6,Buona
2025-08-16 23:00:02,8.5,13.4,Buona
2025-08-16 23:30:01,8.5,13.6,Buona
2025-08-17 00:00:02,9.0,12.8,Buona
2025-08-17 00:30:02,8.5,13.0,Buona
2025-08-17 01:00:02,8.3,12.1,Buona
2025-08-17 01:30:01,7.9,11.9,Buona
2025-08-17 02:00:01,8.8,12.5,Buona
2025-08-17 02:30:02,9.2,13.2,Buona
2025-08-17 03:00:02,9.2,13.8,Buona
2025-08-17 03:30:02,9.8,13.9,Buona
2025-08-17 04:00:02,9.4,14.6,Buona
2025-08-17 04:30:02,10.1,14.6,Buona
2025-08-17 05:00:02,10.0,15.3,Buona
2025-08-17 05:30:02,10.2,14.9,Buona
2025-08-17 06:00:02,10.2,14.0,Buona
2025-08-17 06:30:02,9.8,15.0,Buona
2025-08-17 07:00:02,10.3,14.7,Buona
2025-08-17 07:30:02,9.6,15.0,Buona
2025-08-17 08:00:02,8.6,14.7,Buona
2025-08-17 08:30:02,9.0,14.5,Buona
2025-08-17 09:00:01,8.9,13.1,Buona
2025-08-17 09:30:02,8.6,13.2,Buona
2025-08-17 10:00:02,9.8,14.7,Buona
2025-08-17 10:30:01,14.2,18.3,Buona
2025-08-17 11:00:01,10.1,15.9,Buona
2025-08-17 11:30:01,8.2,12.6,Buona
2025-08-17 12:00:01,8.6,14.1,Buona
2025-08-17 12:30:02,15.3,21.2,Moderata
2025-08-17 13:00:02,9.4,15.2,Buona
2025-08-17 13:30:02,9.2,15.0,Buona
2025-08-17 14:30:02,6.9,11.8,Buona
2025-08-17 15:00:01,7.3,12.1,Buona
2025-08-17 15:30:02,7.0,11.0,Buona
2025-08-17 16:00:02,7.0,12.4,Buona
2025-08-17 16:30:02,7.1,11.5,Buona
2025-08-17 17:00:01,8.2,16.0,Buona
2025-08-17 17:30:01,7.1,12.4,Buona
2025-08-17 18:00:02,5.8,12.0,Buona
2025-08-17 18:30:02,5.4,9.7,Buona
2025-08-17 19:00:02,5.5,11.3,Buona
2025-08-17 19:30:03,5.3,10.0,Buona
2025-08-17 20:00:02,6.2,12.0,Buona
2025-08-17 20:30:02,7.4,13.2,Buona
2025-08-17 21:00:01,7.7,13.2,Buona
2025-08-17 21:30:02,23.1,44.7,Moderata
2025-08-17 22:00:02,5.2,8.7,Buona
2025-08-17 22:30:01,5.0,8.2,Buona
2025-08-17 23:00:02,4.9,10.2,Buona
2025-08-17 23:30:01,4.7,8.0,Buona
2025-08-18 00:00:02,4.5,7.5,Buona
2025-08-18 00:30:02,4.7,7.7,Buona
2025-08-18 01:00:01,5.1,8.5,Buona
2025-08-18 01:30:03,5.3,9.5,Buona
2025-08-18 02:00:01,5.2,8.1,Buona
2025-08-18 02:30:01,5.4,10.3,Buona
2025-08-18 03:00:01,5.3,9.4,Buona
2025-08-18 03:30:01,5.5,10.6,Buona
2025-08-18 04:00:01,5.2,10.2,Buona
2025-08-18 04:30:01,5.8,10.0,Buona
2025-08-18 05:00:02,5.5,8.5,Buona
2025-08-18 05:30:02,5.5,12.8,Buona
2025-08-18 06:00:01,5.5,9.9,Buona
2025-08-18 06:30:02,5.4,11.2,Buona
2025-08-18 07:00:02,5.5,11.3,Buona
2025-08-18 07:30:03,5.8,11.6,Buona
2025-08-18 08:00:02,6.0,13.7,Buona
2025-08-18 08:30:02,5.5,10.7,Buona
2025-08-18 09:00:02,5.4,9.6,Buona
2025-08-18 09:30:02,5.2,10.7,Buona
2025-08-18 10:00:02,5.5,12.1,Buona
2025-08-18 10:30:02,6.1,11.2,Buona
2025-08-18 11:00:02,8.3,14.1,Buona
2025-08-18 11:30:02,7.2,12.7,Buona
2025-08-18 12:00:02,8.0,13.2,Buona
2025-08-18 12:30:02,8.8,14.6,Buona
2025-08-18 13:00:03,7.3,12.2,Buona
2025-08-18 13:30:03,6.8,10.7,Buona
2025-08-18 14:00:02,7.3,13.5,Buona
2025-08-18 14:30:02,6.9,13.7,Buona
2025-08-18 15:00:01,6.6,10.8,Buona
2025-08-18 15:30:02,6.6,13.7,Buona
2025-08-18 16:00:02,6.9,12.9,Buona
2025-08-18 16:30:02,7.1,12.4,Buona
2025-08-18 17:00:01,9.1,14.5,Buona
2025-08-18 17:30:02,6.7,10.6,Buona
2025-08-18 18:00:02,6.9,11.4,Buona
2025-08-18 18:30:02,6.9,11.8,Buona
2025-08-18 19:00:02,6.7,12.6,Buona
2025-08-18 20:00:02,7.6,17.4,Buona
2025-08-18 20:30:02,7.7,12.1,Buona
2025-08-18 21:00:02,8.5,15.6,Buona
2025-08-18 21:30:02,17.7,27.5,Moderata
2025-08-18 22:00:02,9.5,14.7,Buona
2025-08-18 22:30:02,10.1,14.3,Buona
2025-08-18 23:00:02,10.4,15.5,Buona
2025-08-18 23:30:02,10.8,16.5,Buona
2025-08-19 00:00:02,11.1,17.0,Buona
2025-08-19 00:30:02,13.6,18.4,Buona
2025-08-19 01:00:02,13.2,18.6,Buona
2025-08-19 01:30:02,11.1,16.3,Buona
2025-08-19 02:00:02,9.0,13.7,Buona
2025-08-19 02:30:03,7.6,13.9,Buona
2025-08-19 03:00:02,7.5,15.2,Buona
2025-08-19 03:30:01,7.9,13.2,Buona
2025-08-19 04:00:02,6.7,11.5,Buona
2025-08-19 04:30:02,6.7,11.8,Buona
2025-08-19 05:00:01,7.2,12.4,Buona
2025-08-19 05:30:02,7.0,11.6,Buona
2025-08-19 06:00:02,6.7,10.9,Buona
2025-08-19 06:30:02,6.5,11.8,Buona
2025-08-19 07:00:02,11.5,16.5,Buona
2025-08-19 07:30:02,8.4,14.5,Buona
2025-08-19 08:00:02,7.4,12.7,Buona
2025-08-19 08:30:02,7.7,15.4,Buona
2025-08-19 09:00:02,7.3,12.7,Buona
2025-08-19 09:30:02,7.8,14.7,Buona
2025-08-19 10:00:02,9.2,15.2,Buona
2025-08-19 10:30:02,9.1,19.6,Buona
2025-08-19 11:00:02,9.7,22.0,Buona
2025-08-19 11:30:02,8.0,13.2,Buona
2025-08-19 12:00:02,7.4,13.0,Buona
2025-08-19 12:30:02,7.5,11.8,Buona
2025-08-19 13:00:03,7.0,12.3,Buona
2025-08-19 13:30:02,7.1,11.1,Buona
2025-08-19 14:00:02,7.6,12.5,Buona
2025-08-19 14:30:02,7.3,13.4,Buona
2025-08-19 15:00:02,6.7,11.6,Buona
2025-08-19 15:30:01,6.8,12.5,Buona
2025-08-19 16:00:02,6.9,12.4,Buona
2025-08-19 16:30:02,6.3,11.6,Buona
2025-08-19 17:00:02,6.3,10.7,Buona
2025-08-19 17:30:01,6.2,10.4,Buona
2025-08-19 18:00:02,5.8,10.3,Buona
2025-08-19 18:30:02,5.4,10.1,Buona
2025-08-19 19:00:02,5.3,7.8,Buona
2025-08-19 19:30:02,5.6,9.0,Buona
2025-08-19 20:00:03,5.6,10.2,Buona
2025-08-19 20:30:02,5.7,10.3,Buona
2025-08-19 21:00:02,6.5,11.4,Buona
2025-08-19 21:30:02,6.3,13.8,Buona
2025-08-19 22:00:02,7.3,11.5,Buona
2025-08-19 22:30:01,7.0,12.6,Buona
2025-08-19 23:00:02,6.1,12.3,Buona
2025-08-19 23:30:02,7.1,11.6,Buona
2025-08-20 00:00:02,5.4,9.2,Buona
2025-08-20 00:30:02,4.4,8.1,Buona
2025-08-20 01:00:02,5.1,7.7,Buona
2025-08-20 01:30:02,4.5,9.8,Buona
2025-08-20 02:00:01,4.4,7.0,Buona
2025-08-20 02:30:02,5.2,8.4,Buona
2025-08-20 03:00:02,5.8,9.7,Buona
2025-08-20 03:30:01,6.1,9.9,Buona
2025-08-20 04:00:02,5.8,9.1,Buona
2025-08-20 04:30:02,5.8,10.9,Buona
2025-08-20 05:00:01,5.4,9.9,Buona
2025-08-20 05:30:02,5.5,11.8,Buona
2025-08-20 06:00:02,4.9,9.7,Buona
2025-08-20 06:30:02,5.3,10.2,Buona
2025-08-20 07:00:01,5.2,11.0,Buona
2025-08-20 07:30:01,5.2,11.0,Buona
2025-08-20 08:00:01,5.3,10.9,Buona
2025-08-20 08:30:02,6.3,13.8,Buona
2025-08-20 09:00:02,6.3,11.6,Buona
2025-08-20 09:30:02,7.2,13.1,Buona
2025-08-20 10:00:02,6.5,9.9,Buona
2025-08-20 10:30:02,7.3,11.0,Buona
2025-08-20 11:00:03,6.9,11.4,Buona
2025-08-20 11:30:02,6.6,12.0,Buona
2025-08-20 12:00:02,6.7,14.6,Buona
2025-08-20 12:30:02,6.7,11.5,Buona
2025-08-20 13:00:02,6.4,12.5,Buona
2025-08-20 13:30:02,6.2,12.9,Buona
2025-08-20 14:00:02,6.4,10.1,Buona
2025-08-20 14:30:02,6.7,11.9,Buona
2025-08-20 15:00:02,6.4,11.7,Buona
2025-08-20 15:30:02,6.5,13.2,Buona
2025-08-20 16:00:03,6.3,12.3,Buona
2025-08-20 16:30:02,7.9,15.5,Buona
2025-08-20 17:00:02,6.8,12.6,Buona
2025-08-20 17:30:03,6.9,12.5,Buona
2025-08-20 18:00:02,6.0,12.5,Buona
2025-08-20 18:30:02,6.1,15.6,Buona
2025-08-20 19:00:02,6.4,11.9,Buona
2025-08-20 19:30:02,6.2,11.5,Buona
2025-08-20 20:00:02,6.6,11.9,Buona
2025-08-20 20:30:01,6.5,12.1,Buona
2025-08-20 21:00:02,6.8,11.9,Buona
2025-08-20 21:30:02,7.1,11.4,Buona
2025-08-20 22:00:02,6.9,12.9,Buona
2025-08-20 22:30:02,7.4,12.8,Buona
2025-08-20 23:00:02,7.9,15.7,Buona
2025-08-20 23:30:02,7.3,12.7,Buona
2025-08-21 00:00:02,8.0,12.9,Buona
2025-08-21 00:30:02,7.8,14.0,Buona
2025-08-21 01:00:02,9.4,20.7,Buona
2025-08-21 01:30:01,10.0,18.7,Buona
2025-08-21 02:00:02,10.5,26.6,Buona
2025-08-21 02:30:01,2.0,3.8,Buona
2025-08-21 03:00:02,2.7,8.3,Buona
2025-08-21 03:30:02,2.4,4.7,Buona
2025-08-21 04:00:02,2.6,3.9,Buona
2025-08-21 04:30:02,2.3,4.4,Buona
2025-08-21 05:00:03,2.3,4.0,Buona
2025-08-21 05:30:02,2.5,5.8,Buona
2025-08-21 06:00:02,2.6,4.3,Buona
2025-08-21 06:30:02,2.8,4.4,Buona
2025-08-21 07:00:01,3.2,7.2,Buona
2025-08-21 07:30:02,3.9,8.7,Buona
2025-08-21 08:00:01,4.2,8.8,Buona
2025-08-21 08:30:02,5.6,14.5,Buona
2025-08-21 09:00:02,8.1,21.8,Buona
2025-08-21 09:30:02,9.2,20.3,Buona
2025-08-21 10:00:02,8.2,19.4,Buona
2025-08-21 10:30:02,9.7,23.1,Buona
2025-08-21 11:00:03,10.2,25.7,Buona
2025-08-21 11:30:02,9.9,23.2,Buona
2025-08-21 12:00:02,9.6,21.2,Buona
2025-08-21 12:30:02,8.4,18.1,Buona
2025-08-21 13:00:02,7.0,16.6,Buona
2025-08-21 13:30:01,7.3,18.1,Buona
2025-08-21 14:00:02,8.9,18.3,Buona
2025-08-21 14:30:02,9.0,19.5,Buona
2025-08-21 15:00:02,9.1,20.3,Buona
2025-08-21 15:30:01,8.4,16.6,Buona
2025-08-21 16:00:03,8.6,19.1,Buona
2025-08-21 16:30:01,7.8,16.6,Buona
2025-08-21 17:00:02,8.0,19.2,Buona
2025-08-21 17:30:02,8.1,20.8,Buona
2025-08-21 18:00:02,7.7,19.6,Buona
2025-08-21 18:30:02,6.8,20.8,Buona
2025-08-21 19:00:02,6.4,20.0,Buona
2025-08-21 19:30:02,5.6,18.5,Buona
2025-08-21 20:00:02,5.4,20.5,Buona
2025-08-21 20:30:02,6.2,19.6,Buona
2025-08-21 21:00:03,5.5,19.4,Buona
2025-08-21 21:30:02,5.4,20.1,Buona
2025-08-21 22:00:01,5.6,22.4,Buona
2025-08-21 22:30:03,5.5,17.8,Buona
2025-08-21 23:00:02,5.6,17.1,Buona
2025-08-21 23:30:02,5.0,15.6,Buona
2025-08-22 00:00:02,4.7,14.2,Buona
2025-08-22 00:30:02,4.6,16.7,Buona
2025-08-22 01:00:02,5.1,17.1,Buona
2025-08-22 01:30:02,5.2,18.2,Buona
2025-08-22 02:00:02,5.3,17.1,Buona
2025-08-22 02:30:02,5.1,18.0,Buona
2025-08-22 03:00:01,5.2,18.8,Buona
2025-08-22 03:30:02,3.0,5.6,Buona
2025-08-22 04:00:01,2.9,7.0,Buona
2025-08-22 04:30:02,2.4,3.0,Buona
2025-08-22 05:00:02,2.2,3.5,Buona
2025-08-22 05:30:02,2.3,4.5,Buona
2025-08-22 06:00:02,2.5,5.8,Buona
2025-08-22 06:30:02,2.4,3.9,Buona
2025-08-22 07:00:02,2.2,4.7,Buona
2025-08-22 07:30:02,2.7,4.8,Buona
2025-08-22 08:00:02,2.9,6.2,Buona
2025-08-22 08:30:02,2.7,5.5,Buona
2025-08-22 09:00:03,3.4,7.3,Buona
2025-08-22 09:30:02,3.7,9.9,Buona
2025-08-22 10:00:02,4.3,12.7,Buona
2025-08-22 10:30:02,4.4,11.1,Buona
2025-08-22 11:00:02,3.9,8.3,Buona
2025-08-22 11:30:01,4.9,12.1,Buona
2025-08-22 12:00:02,4.7,12.9,Buona
2025-08-22 12:30:02,4.8,12.0,Buona
2025-08-22 13:00:02,4.9,12.1,Buona
2025-08-22 13:30:02,4.8,11.8,Buona
2025-08-22 14:00:02,4.8,12.6,Buona
2025-08-22 14:30:01,4.8,12.3,Buona
2025-08-22 15:00:02,4.6,11.0,Buona
2025-08-22 15:30:02,4.5,11.0,Buona
2025-08-22 16:00:02,4.9,11.9,Buona
2025-08-22 16:30:02,4.6,10.6,Buona
2025-08-22 17:00:03,5.0,16.2,Buona
2025-08-22 17:30:02,4.9,10.8,Buona
2025-08-22 18:00:02,4.8,9.8,Buona
2025-08-22 18:30:01,4.7,12.0,Buona
2025-08-22 19:00:01,4.9,13.4,Buona
2025-08-22 19:30:02,4.9,12.5,Buona
2025-08-22 20:00:02,4.9,14.9,Buona
2025-08-22 20:30:02,5.7,15.3,Buona
2025-08-22 21:00:02,4.9,13.1,Buona
2025-08-22 21:30:02,5.0,14.2,Buona
2025-08-22 22:00:02,5.7,15.1,Buona
2025-08-22 22:30:02,5.9,17.5,Buona
2025-08-22 23:00:02,5.8,13.4,Buona
2025-08-22 23:30:01,5.7,13.9,Buona
2025-08-23 00:00:02,6.1,13.4,Buona
2025-08-23 00:30:02,6.1,14.6,Buona
2025-08-23 01:00:01,6.0,14.0,Buona
2025-08-23 01:30:03,5.6,15.9,Buona
2025-08-23 02:00:02,5.7,16.2,Buona
2025-08-23 02:30:01,5.4,13.4,Buona
2025-08-23 03:00:02,5.6,14.1,Buona
2025-08-23 03:30:02,5.1,13.0,Buona
2025-08-23 04:00:02,5.4,14.1,Buona
2025-08-23 04:30:02,5.3,14.4,Buona
2025-08-23 05:00:02,5.5,14.8,Buona
2025-08-23 05:30:02,4.9,13.7,Buona
2025-08-23 06:30:02,6.0,15.2,Buona
2025-08-23 07:00:01,6.5,14.9,Buona
2025-08-23 07:30:01,10.7,18.9,Buona
2025-08-23 08:00:02,9.0,16.1,Buona
2025-08-23 08:30:02,6.2,14.6,Buona
2025-08-23 09:00:01,5.7,14.8,Buona
2025-08-23 09:30:02,4.4,13.1,Buona
2025-08-23 10:00:02,4.6,14.2,Buona
2025-08-23 10:30:02,4.3,11.9,Buona
2025-08-23 11:00:02,4.4,10.6,Buona
2025-08-23 11:30:02,4.8,13.7,Buona
2025-08-23 12:00:01,4.7,12.9,Buona
2025-08-23 12:30:02,4.5,12.5,Buona
2025-08-23 13:00:02,4.9,14.9,Buona
2025-08-23 13:30:02,5.5,11.3,Buona
2025-08-23 14:00:02,5.5,14.5,Buona
2025-08-23 14:30:02,5.5,12.5,Buona
2025-08-23 15:00:02,5.2,10.2,Buona
2025-08-23 15:30:02,4.4,9.1,Buona
2025-08-23 16:00:02,4.3,9.7,Buona
2025-08-23 16:30:02,3.8,8.9,Buona
2025-08-23 17:00:02,3.8,9.2,Buona
2025-08-23 17:30:02,3.7,8.8,Buona
2025-08-23 18:00:02,3.8,9.1,Buona
2025-08-23 18:30:02,3.7,11.2,Buona
2025-08-23 19:00:02,3.9,11.6,Buona
2025-08-23 19:30:01,4.1,10.2,Buona
2025-08-23 20:00:02,4.3,13.1,Buona
2025-08-23 20:30:02,4.2,12.5,Buona
2025-08-23 21:00:01,4.0,9.7,Buona
2025-08-23 21:30:02,4.3,10.8,Buona
2025-08-23 22:00:02,3.9,9.5,Buona
2025-08-23 22:30:02,4.6,11.3,Buona
2025-08-23 23:00:01,4.7,11.7,Buona
2025-08-23 23:30:02,5.0,13.9,Buona
2025-08-24 00:00:02,4.1,12.7,Buona
2025-08-24 00:30:03,4.5,16.9,Buona
2025-08-24 01:00:03,4.5,17.0,Buona
2025-08-24 01:30:03,4.3,17.1,Buona
2025-08-24 02:00:02,4.6,18.3,Buona
2025-08-24 02:30:02,4.9,17.4,Buona
2025-08-24 03:00:02,5.0,17.6,Buona
2025-08-24 03:30:01,4.6,15.9,Buona
2025-08-24 04:00:01,4.7,15.2,Buona
2025-08-24 04:30:02,5.3,15.1,Buona
2025-08-24 05:00:02,5.0,14.0,Buona
2025-08-24 05:30:02,5.5,18.0,Buona
2025-08-24 06:00:01,5.4,17.5,Buona
2025-08-24 06:30:01,5.6,16.1,Buona
2025-08-24 07:00:02,5.4,19.5,Buona
2025-08-24 07:30:02,5.4,16.5,Buona
2025-08-24 08:00:02,4.5,16.2,Buona
2025-08-24 08:30:02,4.6,15.6,Buona
2025-08-24 09:00:02,3.8,14.0,Buona
2025-08-24 09:30:02,3.9,14.6,Buona
2025-08-24 10:00:01,3.6,13.0,Buona
2025-08-24 10:30:02,3.8,12.5,Buona
2025-08-24 11:00:02,3.6,13.9,Buona
2025-08-24 11:30:02,3.4,11.0,Buona
2025-08-24 12:00:02,3.3,9.9,Buona
2025-08-24 12:30:02,3.4,12.1,Buona
2025-08-24 13:00:02,3.1,9.4,Buona
2025-08-24 13:30:02,3.3,11.4,Buona
2025-08-24 14:00:02,3.4,12.1,Buona
2025-08-24 14:30:02,3.5,11.4,Buona
2025-08-24 15:00:02,3.8,10.5,Buona
2025-08-24 15:30:02,3.5,12.5,Buona
2025-08-24 16:00:02,3.5,8.8,Buona
2025-08-24 16:30:02,3.7,12.1,Buona
2025-08-24 17:00:02,3.7,12.9,Buona
2025-08-24 17:30:02,3.6,11.9,Buona
2025-08-24 18:00:02,3.9,13.5,Buona
2025-08-24 18:30:03,3.8,11.8,Buona
2025-08-24 19:00:01,3.8,11.7,Buona
2025-08-24 19:30:02,3.6,11.5,Buona
2025-08-24 20:30:01,3.8,13.8,Buona
2025-08-24 21:00:02,4.5,15.3,Buona
2025-08-24 21:30:02,4.3,15.3,Buona
2025-08-24 22:00:01,4.4,14.4,Buona
2025-08-24 22:30:02,4.4,15.6,Buona
2025-08-24 23:00:02,4.0,11.6,Buona
2025-08-24 23:30:02,4.1,17.5,Buona
2025-08-25 00:00:02,4.3,12.5,Buona
2025-08-25 00:30:01,4.2,13.6,Buona
2025-08-25 01:00:02,4.4,12.8,Buona
2025-08-25 01:30:02,4.7,17.9,Buona
2025-08-25 02:00:03,4.8,13.4,Buona
2025-08-25 02:30:01,4.8,13.5,Buona
2025-08-25 03:00:02,4.7,12.1,Buona
2025-08-25 03:30:02,4.6,12.2,Buona
2025-08-25 04:00:01,4.9,14.0,Buona
2025-08-25 04:30:02,4.9,14.4,Buona
2025-08-25 05:00:03,5.0,13.3,Buona
2025-08-25 05:30:01,5.2,14.5,Buona
2025-08-25 06:00:02,5.6,16.0,Buona
2025-08-25 06:30:02,5.7,13.8,Buona
2025-08-25 07:00:01,5.3,11.2,Buona
2025-08-25 07:30:02,4.9,13.4,Buona
2025-08-25 08:00:02,5.1,14.7,Buona
2025-08-25 08:30:01,5.0,13.2,Buona
2025-08-25 09:00:01,4.6,13.0,Buona
2025-08-25 09:30:02,4.6,13.2,Buona
2025-08-25 10:00:02,3.9,10.2,Buona
2025-08-25 10:30:02,4.3,11.9,Buona
2025-08-25 11:00:02,4.1,9.5,Buona
2025-08-25 11:30:02,3.5,9.1,Buona
2025-08-25 12:00:02,4.2,11.8,Buona
2025-08-25 12:30:02,4.2,10.7,Buona
2025-08-25 13:00:02,4.2,11.5,Buona
2025-08-25 13:30:01,3.8,8.7,Buona
2025-08-25 14:00:02,3.8,10.1,Buona
2025-08-25 14:30:02,4.0,9.2,Buona
2025-08-25 15:00:01,4.2,9.9,Buona
2025-08-25 15:30:02,4.3,10.1,Buona
2025-08-25 16:00:02,4.5,11.4,Buona
2025-08-25 16:30:02,4.0,7.8,Buona
2025-08-25 17:00:02,3.7,9.0,Buona
2025-08-25 17:30:02,3.8,9.4,Buona
2025-08-25 18:00:03,4.1,12.2,Buona
2025-08-25 18:30:02,3.6,8.8,Buona
2025-08-25 19:00:02,3.9,9.2,Buona
2025-08-25 19:30:02,4.2,11.0,Buona
2025-08-25 20:00:02,4.0,11.2,Buona
2025-08-25 20:30:02,4.3,11.3,Buona
2025-08-25 21:00:02,4.7,14.0,Buona
2025-08-25 21:30:02,4.6,12.1,Buona
2025-08-25 22:00:01,4.6,13.2,Buona
2025-08-25 22:30:02,7.7,18.1,Buona
2025-08-25 23:00:02,5.9,16.7,Buona
2025-08-25 23:30:02,5.2,13.5,Buona
2025-08-26 00:00:01,6.0,16.5,Buona
2025-08-26 00:30:02,5.2,12.3,Buona
2025-08-26 01:00:02,4.9,12.3,Buona
2025-08-26 01:30:01,4.9,11.9,Buona
2025-08-26 02:00:02,5.1,12.2,Buona
2025-08-26 02:30:01,5.5,13.3,Buona
2025-08-26 03:00:02,5.1,12.3,Buona
2025-08-26 03:30:02,5.5,13.0,Buona
2025-08-26 04:00:01,5.5,13.1,Buona
2025-08-26 04:30:02,5.3,11.1,Buona
2025-08-26 05:00:02,5.9,13.5,Buona
2025-08-26 05:30:02,6.4,13.4,Buona
2025-08-26 06:00:01,6.1,13.8,Buona
2025-08-26 06:30:02,6.8,13.3,Buona
2025-08-26 07:00:01,7.4,18.4,Buona
2025-08-26 07:30:02,7.4,14.5,Buona
2025-08-26 08:00:02,5.6,12.0,Buona
2025-08-26 08:30:02,5.1,11.6,Buona
2025-08-26 09:00:02,4.8,13.5,Buona
2025-08-26 09:30:01,4.2,8.8,Buona
2025-08-26 10:00:02,4.0,10.3,Buona
2025-08-26 10:30:02,4.0,11.7,Buona
2025-08-26 11:00:01,4.3,12.0,Buona
2025-08-26 11:30:02,3.5,8.3,Buona
2025-08-26 12:00:01,3.3,9.2,Buona
2025-08-26 12:30:02,3.4,9.5,Buona
2025-08-26 13:00:03,4.0,7.4,Buona
2025-08-26 13:30:02,4.1,9.8,Buona
2025-08-26 14:00:02,3.2,6.3,Buona
2025-08-26 14:30:02,3.1,7.3,Buona
2025-08-26 15:00:03,3.1,7.8,Buona
2025-08-26 15:30:03,3.2,7.9,Buona
2025-08-26 16:00:03,3.3,9.0,Buona
2025-08-26 16:30:03,3.5,8.4,Buona
2025-08-26 17:00:02,3.5,8.1,Buona
2025-08-26 17:30:02,3.7,9.0,Buona
2025-08-26 18:00:02,3.8,8.7,Buona
2025-08-26 18:30:03,3.6,7.8,Buona
2025-08-26 19:00:03,3.7,9.7,Buona
2025-08-26 19:30:03,4.0,9.1,Buona
2025-08-26 20:00:02,3.9,10.4,Buona
2025-08-26 20:30:02,3.5,8.4,Buona
2025-08-26 21:00:03,3.3,7.5,Buona
2025-08-26 21:30:01,3.6,10.2,Buona
2025-08-26 22:00:02,3.6,8.6,Buona
2025-08-26 22:30:02,4.1,9.6,Buona
2025-08-26 23:00:02,4.6,10.5,Buona
2025-08-26 23:30:02,4.5,10.2,Buona
2025-08-27 00:00:02,4.4,10.2,Buona
2025-08-27 00:30:02,4.6,11.4,Buona
2025-08-27 01:00:02,4.6,10.8,Buona
2025-08-27 01:30:02,4.7,11.0,Buona
2025-08-27 02:00:02,5.0,12.5,Buona
2025-08-27 02:30:02,4.9,10.1,Buona
2025-08-27 03:00:02,4.4,7.6,Buona
2025-08-27 03:30:02,4.5,10.3,Buona
2025-08-27 04:00:02,4.5,10.7,Buona
2025-08-27 04:30:01,5.0,9.2,Buona
2025-08-27 05:00:01,5.4,11.3,Buona
2025-08-27 05:30:02,5.7,12.7,Buona
2025-08-27 06:00:02,5.6,11.6,Buona
2025-08-27 06:30:02,6.3,12.6,Buona
2025-08-27 07:00:01,6.2,12.6,Buona
2025-08-27 07:30:01,6.4,11.7,Buona
2025-08-27 08:00:01,6.4,12.0,Buona
2025-08-27 08:30:03,6.1,11.3,Buona
2025-08-27 09:00:02,6.0,11.9,Buona
2025-08-27 09:30:02,6.6,12.2,Buona
2025-08-27 10:00:01,4.8,12.5,Buona
2025-08-27 10:30:01,5.4,12.1,Buona
2025-08-27 11:00:02,5.4,10.6,Buona
2025-08-27 11:30:03,4.7,9.8,Buona
2025-08-27 12:00:02,4.8,9.7,Buona
2025-08-27 12:30:02,4.5,11.5,Buona
2025-08-27 13:00:02,4.6,10.7,Buona
2025-08-27 13:30:02,5.6,10.3,Buona
2025-08-27 14:00:02,5.4,12.9,Buona
2025-08-27 14:30:02,3.6,7.9,Buona
2025-08-27 15:00:02,3.7,8.1,Buona
2025-08-27 15:30:02,3.0,5.6,Buona
2025-08-27 16:00:02,3.1,6.5,Buona
2025-08-27 16:30:02,3.1,6.1,Buona
2025-08-27 17:00:02,3.3,6.4,Buona
2025-08-27 17:30:02,3.1,6.3,Buona
2025-08-27 18:00:02,3.4,9.2,Buona
2025-08-27 18:30:02,3.5,9.9,Buona
2025-08-27 19:00:02,3.6,8.2,Buona
2025-08-27 19:30:02,3.5,10.5,Buona
2025-08-27 20:00:02,3.6,7.7,Buona
2025-08-27 20:30:02,3.8,9.6,Buona
2025-08-27 21:00:03,5.1,11.8,Buona
2025-08-27 21:30:01,4.4,11.0,Buona
2025-08-27 22:00:01,4.5,10.6,Buona
2025-08-27 22:30:02,4.4,9.0,Buona
2025-08-27 23:00:02,4.5,9.6,Buona
2025-08-27 23:30:02,4.6,9.1,Buona
2025-08-28 00:00:01,4.6,10.7,Buona
2025-08-28 00:30:02,4.9,8.8,Buona
2025-08-28 01:00:02,5.5,11.4,Buona
2025-08-28 01:30:02,5.9,13.7,Buona
2025-08-28 02:00:02,4.9,10.8,Buona
2025-08-28 02:30:01,4.7,9.6,Buona
2025-08-28 03:00:03,5.0,9.8,Buona
2025-08-28 03:30:02,5.5,11.9,Buona
2025-08-28 04:00:02,5.5,10.6,Buona
2025-08-28 04:30:03,6.1,12.9,Buona
2025-08-28 05:00:02,6.5,13.3,Buona
2025-08-28 05:30:02,6.7,12.5,Buona
2025-08-28 06:00:02,6.8,14.4,Buona
2025-08-28 06:30:01,6.3,11.6,Buona
2025-08-28 07:00:02,6.3,13.6,Buona
2025-08-28 07:30:02,6.7,13.9,Buona
2025-08-28 08:00:02,6.6,12.4,Buona
2025-08-28 08:30:02,6.1,12.8,Buona
2025-08-28 09:00:02,6.9,12.8,Buona
2025-08-28 09:30:01,5.9,11.8,Buona
2025-08-28 10:00:02,5.6,11.5,Buona
2025-08-28 10:30:02,6.9,19.1,Buona
2025-08-28 11:00:02,5.9,14.4,Buona
2025-08-28 11:30:02,5.4,12.7,Buona
2025-08-28 12:00:02,5.9,16.0,Buona
2025-08-28 12:30:01,6.0,15.1,Buona
2025-08-28 13:00:01,5.7,12.0,Buona
2025-08-28 13:30:02,7.0,26.7,Buona
2025-08-28 14:00:02,5.3,15.2,Buona
2025-08-28 14:30:02,5.7,17.3,Buona
2025-08-28 15:00:02,6.4,17.6,Buona
2025-08-28 15:30:02,6.1,16.6,Buona
2025-08-28 16:00:01,6.3,16.2,Buona
2025-08-28 16:30:02,6.6,16.8,Buona
2025-08-28 17:00:01,6.2,15.0,Buona
2025-08-28 17:30:02,6.4,15.5,Buona
2025-08-28 18:00:03,6.1,16.3,Buona
2025-08-28 18:30:01,6.0,15.1,Buona
2025-08-28 19:00:01,6.2,11.5,Buona
2025-08-28 19:30:01,6.7,15.8,Buona
2025-08-28 20:00:03,5.8,13.1,Buona
2025-08-28 20:30:03,6.4,15.4,Buona
2025-08-28 21:00:02,6.4,13.6,Buona
2025-08-28 21:30:02,7.0,15.5,Buona
2025-08-28 22:00:02,7.9,21.0,Buona
2025-08-28 22:30:02,8.0,18.1,Buona
2025-08-28 23:00:03,8.6,19.1,Buona
2025-08-28 23:30:02,7.3,18.2,Buona
2025-08-29 00:00:02,7.8,24.3,Buona
2025-08-29 00:30:02,8.6,23.0,Buona
2025-08-29 01:00:02,9.9,25.4,Buona
2025-08-29 01:30:02,10.7,34.0,Buona
2025-08-29 02:00:02,11.7,40.2,Buona
2025-08-29 02:30:02,12.8,43.0,Buona
2025-08-29 03:00:02,13.8,51.8,Buona
2025-08-29 03:30:02,13.7,50.2,Buona
2025-08-29 04:00:02,14.6,59.4,Buona
2025-08-29 04:30:02,16.3,70.3,Moderata
2025-08-29 05:00:02,16.6,57.8,Moderata
2025-08-29 05:30:02,16.5,50.5,Moderata
2025-08-29 06:00:02,14.3,44.2,Buona
2025-08-29 06:30:01,10.9,43.0,Buona
2025-08-29 07:00:02,9.4,39.1,Buona
2025-08-29 07:30:02,6.5,23.9,Buona
2025-08-29 08:00:02,8.6,32.4,Buona
2025-08-29 08:30:02,7.9,29.6,Buona
2025-08-29 09:00:03,8.2,29.9,Buona
2025-08-29 09:30:02,6.7,24.7,Buona
2025-08-29 10:00:02,5.8,25.7,Buona
2025-08-29 10:30:02,5.3,21.9,Buona
2025-08-29 11:00:01,5.4,22.4,Buona
2025-08-29 11:30:02,4.6,17.3,Buona
2025-08-29 12:00:02,4.6,19.5,Buona
2025-08-29 12:30:02,4.7,18.7,Buona
2025-08-29 13:00:02,5.2,20.6,Buona
2025-08-29 13:30:02,5.5,21.2,Buona
2025-08-29 14:00:02,5.5,19.0,Buona
2025-08-29 14:30:02,5.7,21.3,Buona
2025-08-29 15:00:02,6.1,20.5,Buona
2025-08-29 15:30:03,5.1,17.6,Buona
2025-08-29 16:00:02,4.6,17.9,Buona
2025-08-29 16:30:02,4.7,18.0,Buona
2025-08-29 17:00:02,4.0,15.9,Buona
2025-08-29 17:30:03,4.1,16.1,Buona
2025-08-29 18:00:02,3.7,13.8,Buona
2025-08-29 18:30:02,3.9,16.3,Buona
2025-08-29 19:00:02,3.8,15.0,Buona
2025-08-29 19:30:02,3.6,13.5,Buona
2025-08-29 20:00:02,3.9,16.6,Buona
2025-08-29 20:30:01,3.3,12.6,Buona
2025-08-29 21:00:02,4.3,15.7,Buona
2025-08-29 21:30:01,4.7,16.5,Buona
2025-08-29 22:00:02,4.2,14.4,Buona
2025-08-29 22:30:01,8.5,21.5,Buona
2025-08-29 23:00:02,4.6,16.6,Buona
2025-08-29 23:30:01,4.2,16.3,Buona
2025-08-30 00:00:02,4.7,18.0,Buona
2025-08-30 00:30:02,3.8,14.2,Buona
2025-08-30 01:00:01,4.2,12.3,Buona
2025-08-30 01:30:02,3.6,14.6,Buona
2025-08-30 02:00:02,3.4,15.5,Buona
2025-08-30 02:30:02,3.8,16.0,Buona
2025-08-30 03:00:01,4.2,19.2,Buona
2025-08-30 03:30:02,3.6,14.9,Buona
2025-08-30 04:00:02,3.6,15.9,Buona
2025-08-30 04:30:02,3.4,15.0,Buona
2025-08-30 05:00:02,2.8,7.5,Buona
2025-08-30 05:30:03,2.7,6.3,Buona
2025-08-30 06:00:02,3.1,12.2,Buona
2025-08-30 06:30:02,4.7,17.4,Buona
2025-08-30 07:00:02,4.3,15.6,Buona
2025-08-30 07:30:01,4.5,14.6,Buona
2025-08-30 08:00:02,3.9,12.8,Buona
2025-08-30 08:30:02,2.6,8.6,Buona
2025-08-30 09:00:02,2.7,10.9,Buona
2025-08-30 09:30:02,3.1,13.4,Buona
2025-08-30 10:00:02,3.4,14.5,Buona
2025-08-30 10:30:02,3.5,13.4,Buona
2025-08-30 11:00:02,3.6,14.7,Buona
2025-08-30 11:30:02,3.0,16.6,Buona
2025-08-30 12:00:01,2.9,14.7,Buona
2025-08-30 12:30:02,3.1,14.2,Buona
2025-08-30 13:00:02,3.4,17.8,Buona
2025-08-30 13:30:02,3.8,18.8,Buona
2025-08-30 14:00:01,3.6,17.1,Buona
2025-08-30 14:30:01,3.1,14.1,Buona
2025-08-30 15:00:01,3.6,12.6,Buona
2025-08-30 15:30:02,2.5,11.6,Buona
2025-08-30 16:00:02,3.3,15.3,Buona
2025-08-30 16:30:01,2.7,11.4,Buona
2025-08-30 17:00:01,2.6,9.3,Buona
2025-08-30 17:30:03,2.3,9.4,Buona
2025-08-30 18:00:02,2.2,9.8,Buona
2025-08-30 18:30:02,2.3,8.2,Buona
2025-08-30 19:00:01,2.0,7.6,Buona
2025-08-30 19:30:02,2.3,7.9,Buona
2025-08-30 20:00:02,2.7,12.4,Buona
2025-08-30 20:30:02,2.5,8.7,Buona
2025-08-30 21:00:03,2.8,13.4,Buona
2025-08-30 21:30:02,2.8,13.1,Buona
2025-08-30 22:00:03,3.9,15.4,Buona
2025-08-30 22:30:02,3.3,15.9,Buona
2025-08-30 23:00:02,3.4,13.7,Buona
2025-08-30 23:30:02,3.9,16.9,Buona
2025-08-31 00:00:02,3.7,17.9,Buona
2025-08-31 00:30:02,3.2,10.4,Buona
2025-08-31 01:00:02,3.0,10.7,Buona
2025-08-31 01:30:02,2.7,11.8,Buona
2025-08-31 02:00:02,3.0,11.3,Buona
2025-08-31 02:30:02,2.4,9.6,Buona
2025-08-31 03:00:02,2.5,9.3,Buona
2025-08-31 03:30:02,2.5,8.8,Buona
2025-08-31 04:00:02,2.7,9.1,Buona
2025-08-31 04:30:02,2.5,9.3,Buona
2025-08-31 05:00:03,2.6,7.5,Buona
2025-08-31 05:30:02,2.7,11.0,Buona
2025-08-31 06:00:02,2.4,8.1,Buona
2025-08-31 06:30:02,2.5,7.6,Buona
2025-08-31 07:00:01,4.5,13.1,Buona
2025-08-31 07:30:02,2.6,8.3,Buona
2025-08-31 08:00:02,2.7,9.3,Buona
2025-08-31 08:30:01,2.6,8.5,Buona
2025-08-31 09:00:02,2.8,10.2,Buona
2025-08-31 09:30:02,2.3,8.2,Buona
2025-08-31 10:00:02,2.3,5.0,Buona
2025-08-31 10:30:03,3.1,22.2,Buona
2025-08-31 11:00:02,2.0,5.9,Buona
2025-08-31 11:30:01,2.3,7.5,Buona
2025-08-31 12:00:02,2.3,8.7,Buona
2025-08-31 12:30:02,2.4,9.8,Buona
2025-08-31 13:00:02,2.3,9.3,Buona
2025-08-31 13:30:03,2.5,9.1,Buona
2025-08-31 14:00:02,2.2,8.0,Buona
2025-08-31 14:30:02,2.0,9.1,Buona
2025-08-31 15:00:02,2.4,8.4,Buona
2025-08-31 15:30:02,2.6,8.7,Buona
2025-08-31 16:00:02,2.5,10.4,Buona
2025-08-31 16:30:02,2.4,7.3,Buona
2025-08-31 17:00:01,2.7,11.1,Buona
2025-08-31 17:30:01,2.3,8.6,Buona
2025-08-31 18:00:02,2.2,8.1,Buona
2025-08-31 18:30:02,2.3,8.9,Buona
2025-08-31 19:00:02,2.6,9.3,Buona
2025-08-31 19:30:01,2.9,10.8,Buona
2025-08-31 20:00:01,2.6,10.2,Buona
2025-08-31 20:30:02,2.9,12.6,Buona
2025-08-31 21:00:01,7.0,17.1,Buona
2025-08-31 21:30:01,3.1,12.2,Buona
2025-08-31 22:00:02,3.3,14.4,Buona
2025-08-31 22:30:03,4.4,16.6,Buona
2025-08-31 23:00:03,5.4,14.6,Buona
2025-08-31 23:30:02,4.5,15.5,Buona
2025-09-01 00:00:02,4.1,12.3,Buona
2025-09-01 00:30:02,3.5,13.1,Buona
2025-09-01 01:00:02,3.4,11.6,Buona
2025-09-01 01:30:03,3.5,10.5,Buona
2025-09-01 02:00:02,2.9,11.0,Buona
2025-09-01 02:30:02,3.2,11.7,Buona
2025-09-01 03:00:01,3.0,11.6,Buona
2025-09-01 03:30:02,3.1,10.7,Buona
2025-09-01 04:00:03,3.6,11.8,Buona
2025-09-01 04:30:02,3.4,10.6,Buona
2025-09-01 05:00:02,3.7,13.0,Buona
2025-09-01 05:30:02,3.4,11.2,Buona
2025-09-01 06:00:02,3.6,13.5,Buona
2025-09-01 06:30:01,3.5,11.3,Buona
2025-09-01 07:00:01,3.2,10.4,Buona
2025-09-01 07:30:02,3.2,8.7,Buona
2025-09-01 08:00:02,3.3,11.8,Buona
2025-09-01 08:30:02,3.3,13.0,Buona
2025-09-01 09:00:02,2.8,10.6,Buona
2025-09-01 09:30:02,2.5,10.5,Buona
2025-09-01 10:00:03,2.5,9.7,Buona
2025-09-01 10:30:03,2.3,9.8,Buona
2025-09-01 11:00:02,2.1,7.8,Buona
2025-09-01 11:30:02,3.7,9.7,Buona
2025-09-01 12:30:02,2.4,8.9,Buona
2025-09-01 13:00:02,2.2,8.8,Buona
2025-09-01 13:30:02,2.0,8.4,Buona
2025-09-01 14:00:02,1.8,5.9,Buona
2025-09-01 14:30:02,2.1,11.1,Buona
2025-09-01 15:00:01,1.9,7.4,Buona
2025-09-01 15:30:02,2.2,7.6,Buona
2025-09-01 16:00:02,1.8,6.4,Buona
2025-09-01 16:30:02,2.0,5.5,Buona
2025-09-01 17:00:01,1.6,5.8,Buona
2025-09-01 17:30:02,1.5,4.3,Buona
2025-09-01 18:00:02,1.9,5.7,Buona
2025-09-01 18:30:02,1.9,6.1,Buona
2025-09-01 19:00:02,1.9,6.5,Buona
2025-09-01 19:30:02,2.0,7.3,Buona
2025-09-01 20:00:01,2.4,9.2,Buona
2025-09-01 20:30:02,2.6,8.2,Buona
2025-09-01 21:00:03,2.1,7.3,Buona
2025-09-01 21:30:02,2.9,8.1,Buona
2025-09-01 22:00:02,2.6,8.7,Buona
2025-09-01 22:30:02,2.7,6.7,Buona
2025-09-01 23:00:02,2.5,7.8,Buona
2025-09-01 23:30:02,3.5,8.0,Buona
2025-09-02 00:00:03,2.7,7.2,Buona
2025-09-02 00:30:02,2.2,6.0,Buona
2025-09-02 01:30:02,2.1,6.3,Buona
2025-09-02 02:00:02,2.1,7.2,Buona
2025-09-02 02:30:03,2.1,6.3,Buona
2025-09-02 03:00:02,2.1,6.8,Buona
2025-09-02 03:30:01,2.1,6.4,Buona
2025-09-02 04:00:02,1.9,5.3,Buona
2025-09-02 04:30:02,1.8,5.7,Buona
2025-09-02 05:00:03,1.8,5.5,Buona
2025-09-02 05:30:03,1.8,3.7,Buona
2025-09-02 06:00:02,1.6,3.8,Buona
2025-09-02 06:30:02,2.0,8.1,Buona
2025-09-02 07:00:02,2.2,7.5,Buona
2025-09-02 07:30:02,2.4,9.5,Buona
2025-09-02 08:00:02,2.4,7.7,Buona
2025-09-02 08:30:02,2.4,9.7,Buona
2025-09-02 09:00:01,2.5,9.2,Buona
2025-09-02 09:30:01,4.2,14.9,Buona
2025-09-02 10:00:02,4.7,15.9,Buona
2025-09-02 10:30:02,4.4,16.9,Buona
2025-09-02 11:00:02,3.2,12.2,Buona
2025-09-02 11:30:02,3.7,15.7,Buona
2025-09-02 12:00:02,3.7,16.1,Buona
2025-09-02 12:30:02,3.4,14.3,Buona
2025-09-02 13:00:03,3.5,15.4,Buona
2025-09-02 13:30:02,3.7,14.0,Buona
2025-09-02 14:00:01,4.0,18.9,Buona
2025-09-02 14:30:02,3.9,15.1,Buona
2025-09-02 15:00:01,3.9,15.9,Buona
2025-09-02 15:30:02,3.4,14.4,Buona
2025-09-02 16:00:02,3.7,17.6,Buona
2025-09-02 16:30:02,3.2,14.2,Buona
2025-09-02 17:30:03,3.8,16.0,Buona
2025-09-02 18:00:03,3.9,17.0,Buona
2025-09-02 18:30:02,2.9,11.3,Buona
2025-09-02 19:00:02,3.3,13.4,Buona
2025-09-02 19:30:02,3.4,13.6,Buona
2025-09-02 20:00:01,3.6,17.8,Buona
2025-09-02 20:30:01,8.3,35.5,Buona
2025-09-02 21:00:02,3.9,20.3,Buona
2025-09-02 21:30:02,4.3,21.9,Buona
2025-09-02 22:00:02,3.9,18.0,Buona
2025-09-02 22:30:02,4.2,18.7,Buona
2025-09-02 23:00:02,4.8,22.0,Buona
2025-09-02 23:30:03,4.0,18.6,Buona
2025-09-03 00:00:02,4.2,21.1,Buona
2025-09-03 00:30:02,3.8,16.6,Buona
2025-09-03 01:00:02,3.7,16.6,Buona
2025-09-03 01:30:02,3.4,13.0,Buona
2025-09-03 02:00:03,2.7,8.0,Buona
2025-09-03 02:30:02,2.6,8.1,Buona
2025-09-03 03:00:02,2.4,7.2,Buona
2025-09-03 03:30:02,2.9,10.1,Buona
2025-09-03 04:00:02,2.4,7.8,Buona
2025-09-03 04:30:02,2.5,8.6,Buona
2025-09-03 05:00:02,2.3,7.5,Buona
2025-09-03 05:30:02,1.8,7.5,Buona
2025-09-03 06:00:02,2.2,10.1,Buona
2025-09-03 06:30:03,2.6,12.4,Buona
2025-09-03 07:00:02,2.6,9.6,Buona
2025-09-03 07:30:02,2.9,10.9,Buona
2025-09-03 08:00:01,2.5,10.5,Buona
2025-09-03 08:30:02,2.7,13.7,Buona
2025-09-03 09:00:02,2.3,7.3,Buona
2025-09-03 09:30:02,2.6,10.1,Buona
2025-09-03 10:00:02,2.6,10.3,Buona
2025-09-03 10:30:02,4.0,13.4,Buona
2025-09-03 11:00:02,2.9,10.7,Buona
2025-09-03 11:30:02,2.4,9.4,Buona
2025-09-03 12:00:02,2.2,7.5,Buona
2025-09-03 12:30:01,2.2,7.4,Buona
2025-09-03 13:00:02,2.4,10.3,Buona
2025-09-03 13:30:03,2.4,11.5,Buona
2025-09-03 14:00:03,2.2,7.4,Buona
2025-09-03 14:30:03,2.1,9.3,Buona
2025-09-03 15:00:02,2.0,7.4,Buona
2025-09-03 15:30:02,1.9,9.4,Buona
2025-09-03 16:00:02,2.0,8.2,Buona
2025-09-03 16:30:02,1.9,7.2,Buona
2025-09-03 17:00:02,1.7,7.2,Buona
2025-09-03 17:30:02,2.1,8.0,Buona
2025-09-03 18:00:02,1.9,8.7,Buona
2025-09-03 18:30:01,2.1,9.1,Buona
2025-09-03 19:00:02,1.9,7.5,Buona
2025-09-03 19:30:02,2.1,9.2,Buona
2025-09-03 20:00:02,2.5,9.9,Buona
2025-09-03 20:30:02,2.4,8.5,Buona
2025-09-03 21:00:02,2.6,9.0,Buona
2025-09-03 21:30:02,3.5,11.1,Buona
2025-09-03 22:00:02,2.6,10.8,Buona
2025-09-03 22:30:03,2.7,11.9,Buona
2025-09-03 23:00:02,2.5,7.7,Buona
2025-09-03 23:30:02,2.5,9.5,Buona
2025-09-04 00:00:02,2.7,10.2,Buona
2025-09-04 00:30:02,2.2,8.2,Buona
2025-09-04 01:00:02,2.3,9.2,Buona
2025-09-04 01:30:02,2.3,9.7,Buona
2025-09-04 02:00:02,2.2,10.0,Buona
2025-09-04 02:30:02,2.5,7.4,Buona
2025-09-04 03:00:02,2.7,9.4,Buona
2025-09-04 03:30:02,2.4,7.1,Buona
2025-09-04 04:00:02,3.0,10.6,Buona
2025-09-04 04:30:02,3.1,11.6,Buona
2025-09-04 05:00:02,2.7,8.2,Buona
2025-09-04 05:30:01,2.7,9.1,Buona
2025-09-04 06:00:02,2.9,10.1,Buona
2025-09-04 06:30:02,3.0,10.5,Buona
2025-09-04 07:00:02,3.0,10.3,Buona
2025-09-04 07:30:02,3.2,11.1,Buona
2025-09-04 08:00:02,3.3,12.7,Buona
2025-09-04 08:30:02,3.0,11.0,Buona
2025-09-04 09:00:03,2.7,9.6,Buona
2025-09-04 09:30:02,2.6,8.7,Buona
2025-09-04 10:00:02,2.8,11.5,Buona
2025-09-04 10:30:02,2.5,8.9,Buona
2025-09-04 11:00:02,2.5,9.8,Buona
2025-09-04 11:30:02,2.5,8.8,Buona
2025-09-04 12:00:01,2.6,9.2,Buona
2025-09-04 12:30:01,2.3,8.3,Buona
2025-09-04 13:00:02,4.1,11.9,Buona
2025-09-04 13:30:02,3.2,11.2,Buona
2025-09-04 14:00:01,2.6,7.4,Buona
2025-09-04 14:30:02,2.3,7.2,Buona
2025-09-04 15:00:03,2.1,6.2,Buona
2025-09-04 15:30:02,2.5,14.5,Buona
2025-09-04 16:00:02,2.0,7.8,Buona
2025-09-04 16:30:02,2.2,10.4,Buona
2025-09-04 17:00:02,2.3,8.6,Buona
2025-09-04 17:30:02,2.6,10.9,Buona
2025-09-04 18:00:02,2.2,8.1,Buona
2025-09-04 18:30:02,2.2,8.9,Buona
2025-09-04 19:00:02,2.3,7.9,Buona
2025-09-04 19:30:02,2.4,7.7,Buona
2025-09-04 20:00:02,2.2,7.6,Buona
2025-09-04 20:30:02,2.5,9.3,Buona
2025-09-04 21:00:03,3.6,12.9,Buona
2025-09-04 21:30:02,3.0,8.9,Buona
2025-09-04 22:00:01,3.0,9.1,Buona
2025-09-04 22:30:02,2.9,10.9,Buona
2025-09-04 23:00:02,3.0,10.2,Buona
2025-09-04 23:30:02,3.0,8.2,Buona
2025-09-05 00:00:02,3.3,10.6,Buona
2025-09-05 00:30:03,3.7,11.9,Buona
2025-09-05 01:00:02,3.0,11.2,Buona
2025-09-05 01:30:02,2.9,10.0,Buona
2025-09-05 02:00:02,3.1,9.4,Buona
2025-09-05 02:30:03,3.1,7.7,Buona
2025-09-05 03:00:02,3.3,11.7,Buona
2025-09-05 03:30:02,2.9,8.0,Buona
2025-09-05 04:00:02,3.4,10.3,Buona
2025-09-05 04:30:02,3.7,10.4,Buona
2025-09-05 05:00:02,3.7,11.2,Buona
2025-09-05 05:30:02,3.6,9.8,Buona
2025-09-05 06:00:01,3.5,9.7,Buona
2025-09-05 06:30:02,3.5,9.2,Buona
2025-09-05 07:00:02,3.9,13.1,Buona
2025-09-05 07:30:01,3.9,14.0,Buona
2025-09-05 08:00:02,4.0,14.4,Buona
2025-09-05 08:30:01,4.1,20.0,Buona
2025-09-05 09:00:02,4.2,17.0,Buona
2025-09-05 09:30:02,3.4,14.1,Buona
2025-09-05 10:00:02,3.0,10.7,Buona
2025-09-05 10:30:02,2.5,8.6,Buona
2025-09-05 11:00:02,2.4,7.4,Buona
2025-09-05 11:30:02,2.3,9.9,Buona
2025-09-05 12:00:02,2.1,5.4,Buona
2025-09-05 12:30:01,2.0,5.1,Buona
2025-09-05 13:00:02,2.3,6.1,Buona
2025-09-05 13:30:02,1.9,6.1,Buona
2025-09-05 14:00:02,2.0,6.0,Buona
2025-09-05 14:30:02,1.8,4.5,Buona
2025-09-05 15:00:02,2.2,5.1,Buona
2025-09-05 15:30:01,2.0,5.7,Buona
2025-09-05 16:00:02,1.8,3.9,Buona
2025-09-05 16:30:02,1.9,4.9,Buona
2025-09-05 17:00:02,2.0,5.6,Buona
2025-09-05 17:30:02,1.6,3.8,Buona
2025-09-05 18:00:02,1.9,4.5,Buona
2025-09-05 18:30:01,1.8,5.8,Buona
2025-09-05 19:00:02,1.9,7.1,Buona
2025-09-05 19:30:02,2.0,8.7,Buona
2025-09-05 20:00:02,1.8,7.2,Buona
2025-09-05 20:30:02,2.4,7.9,Buona
2025-09-05 21:00:03,2.2,6.1,Buona
2025-09-05 21:30:02,2.2,7.4,Buona
2025-09-05 22:00:02,2.2,6.6,Buona
2025-09-05 22:30:02,2.1,6.8,Buona
2025-09-05 23:00:02,2.4,7.9,Buona
2025-09-05 23:30:02,2.9,7.5,Buona
2025-09-06 00:00:02,2.1,5.6,Buona
2025-09-06 00:30:01,2.2,6.5,Buona
2025-09-06 01:00:02,2.5,6.9,Buona
2025-09-06 01:30:03,3.1,10.1,Buona
2025-09-06 02:00:02,2.6,9.1,Buona
2025-09-06 02:30:03,2.4,7.4,Buona
2025-09-06 03:00:01,2.7,7.4,Buona
2025-09-06 03:30:02,2.9,6.5,Buona
2025-09-06 04:00:02,3.1,9.1,Buona
2025-09-06 04:30:02,3.3,9.1,Buona
2025-09-06 05:00:01,3.3,8.7,Buona
2025-09-06 05:30:02,3.5,9.3,Buona
2025-09-06 06:00:02,3.7,10.2,Buona
2025-09-06 06:30:02,3.5,10.3,Buona
2025-09-06 07:00:01,3.1,10.0,Buona
2025-09-06 07:30:02,3.8,11.2,Buona
2025-09-06 08:00:02,3.5,11.4,Buona
2025-09-06 08:30:01,3.1,9.2,Buona
2025-09-06 09:00:03,3.3,10.2,Buona
2025-09-06 09:30:02,3.4,10.8,Buona
2025-09-06 10:00:01,3.7,13.1,Buona
2025-09-06 10:30:02,3.9,10.5,Buona
2025-09-06 11:00:02,3.9,13.3,Buona
2025-09-06 11:30:02,4.3,12.2,Buona
2025-09-06 12:00:03,4.3,14.1,Buona
2025-09-06 12:30:02,4.0,12.5,Buona
2025-09-06 13:00:03,4.0,10.1,Buona
2025-09-06 13:30:03,3.7,12.0,Buona
2025-09-06 14:00:02,3.9,14.3,Buona
2025-09-06 14:30:01,3.6,11.4,Buona
2025-09-06 15:00:02,3.8,11.8,Buona
2025-09-06 15:30:02,3.6,13.1,Buona
2025-09-06 16:00:01,3.9,11.7,Buona
2025-09-06 16:30:01,4.1,12.3,Buona
2025-09-06 17:00:02,4.1,12.7,Buona
2025-09-06 17:30:02,4.2,12.3,Buona
2025-09-06 18:00:02,4.0,10.7,Buona
2025-09-06 18:30:01,4.1,12.0,Buona
2025-09-06 19:00:02,4.4,13.1,Buona
2025-09-06 19:30:02,4.3,15.8,Buona
2025-09-06 20:00:01,4.0,12.0,Buona
2025-09-06 20:30:01,4.7,13.0,Buona
2025-09-06 21:00:01,5.2,14.4,Buona
2025-09-06 21:30:01,6.3,14.8,Buona
2025-09-06 22:00:01,8.2,20.8,Buona
2025-09-06 22:30:02,6.3,15.6,Buona
2025-09-06 23:00:02,6.8,17.5,Buona
2025-09-06 23:30:03,6.5,16.2,Buona
2025-09-07 00:00:02,6.5,14.3,Buona
2025-09-07 00:30:01,6.6,18.2,Buona
2025-09-07 01:00:02,5.5,13.5,Buona
2025-09-07 01:30:02,5.7,15.4,Buona
2025-09-07 02:00:02,5.7,14.6,Buona
2025-09-07 02:30:02,5.3,14.3,Buona
2025-09-07 03:00:02,5.3,15.0,Buona
2025-09-07 03:30:02,5.0,13.0,Buona
2025-09-07 04:00:02,5.7,14.5,Buona
2025-09-07 04:30:02,5.8,13.4,Buona
2025-09-07 05:00:02,6.6,17.2,Buona
2025-09-07 05:30:02,6.5,15.9,Buona
2025-09-07 06:00:02,6.2,14.2,Buona
2025-09-07 06:30:02,6.2,15.3,Buona
2025-09-07 07:00:01,5.7,12.6,Buona
2025-09-07 07:30:01,7.3,15.4,Buona
2025-09-07 08:00:02,7.3,16.4,Buona
2025-09-07 08:30:02,7.2,16.8,Buona
2025-09-07 09:00:02,7.0,16.3,Buona
2025-09-07 09:30:02,5.7,13.8,Buona
2025-09-07 10:00:02,5.4,11.9,Buona
2025-09-07 10:30:01,5.1,14.1,Buona
2025-09-07 11:00:02,5.2,12.3,Buona
2025-09-07 11:30:02,5.6,13.4,Buona
2025-09-07 12:00:03,5.0,11.1,Buona
2025-09-07 12:30:03,4.7,11.5,Buona
2025-09-07 13:00:02,5.2,12.8,Buona
2025-09-07 13:30:02,4.8,12.4,Buona
2025-09-07 14:00:01,5.2,12.9,Buona
2025-09-07 14:30:02,7.2,22.2,Buona
2025-09-07 15:00:02,4.6,12.0,Buona
2025-09-07 15:30:01,4.8,12.0,Buona
2025-09-07 16:00:02,5.1,13.4,Buona
2025-09-07 16:30:01,4.9,12.7,Buona
2025-09-07 17:00:02,3.7,8.7,Buona
2025-09-07 17:30:01,4.0,13.1,Buona
2025-09-07 18:00:01,3.6,9.3,Buona
2025-09-07 18:30:01,3.5,8.6,Buona
2025-09-07 19:00:01,3.4,8.9,Buona
2025-09-07 19:30:01,3.6,9.3,Buona
2025-09-07 20:00:01,3.7,9.5,Buona
2025-09-07 20:30:01,3.6,10.7,Buona
2025-09-07 21:00:02,3.5,9.2,Buona
2025-09-07 21:30:01,3.5,10.1,Buona
2025-09-07 22:00:02,3.7,10.1,Buona
2025-09-07 22:30:02,3.7,9.9,Buona
2025-09-07 23:00:03,4.5,13.7,Buona
2025-09-07 23:30:03,4.7,10.9,Buona
2025-09-08 00:00:02,6.2,16.5,Buona
2025-09-08 00:30:02,6.1,14.0,Buona
2025-09-08 01:00:02,5.6,13.0,Buona
2025-09-08 01:30:02,5.2,12.1,Buona
2025-09-08 02:00:03,4.9,11.9,Buona
2025-09-08 02:30:02,4.9,10.3,Buona
2025-09-08 03:00:02,4.9,14.0,Buona
2025-09-08 03:30:02,4.9,11.5,Buona
2025-09-08 04:00:02,4.5,11.7,Buona
2025-09-08 04:30:02,5.1,12.7,Buona
2025-09-08 05:00:02,5.4,11.1,Buona
2025-09-08 05:30:02,6.2,12.2,Buona
2025-09-08 06:00:02,6.3,12.3,Buona
2025-09-08 06:30:02,6.6,14.0,Buona
2025-09-08 07:00:01,6.5,13.9,Buona
2025-09-08 07:30:02,6.4,20.5,Buona
2025-09-08 08:00:02,6.8,18.7,Buona
2025-09-08 08:30:02,6.5,14.0,Buona
2025-09-08 09:00:02,6.2,15.2,Buona
2025-09-08 09:30:02,5.6,13.3,Buona
2025-09-08 10:00:02,5.6,14.2,Buona
2025-09-08 10:30:03,5.2,15.9,Buona
2025-09-08 11:00:03,4.3,8.5,Buona
2025-09-08 11:30:02,4.2,12.0,Buona
2025-09-08 12:00:02,4.4,12.0,Buona
2025-09-08 12:30:01,4.2,10.5,Buona
2025-09-08 13:00:01,4.4,10.4,Buona
2025-09-08 13:30:02,4.3,9.6,Buona
2025-09-08 14:00:01,4.1,8.9,Buona
2025-09-08 14:30:02,3.5,8.3,Buona
2025-09-08 15:00:01,3.6,8.6,Buona
2025-09-08 15:30:02,3.4,8.1,Buona
2025-09-08 16:00:02,3.8,8.5,Buona
2025-09-08 16:30:02,3.6,6.8,Buona
2025-09-08 17:00:02,3.8,9.7,Buona
2025-09-08 17:30:02,3.8,9.4,Buona
2025-09-08 18:00:02,3.7,9.2,Buona
2025-09-08 18:30:02,3.8,9.4,Buona
2025-09-08 19:00:02,3.8,10.6,Buona
2025-09-08 19:30:02,4.7,10.3,Buona
2025-09-08 20:00:03,4.5,9.4,Buona
2025-09-08 20:30:01,4.7,13.3,Buona
2025-09-08 21:00:01,5.0,11.9,Buona
2025-09-08 21:30:02,5.2,11.2,Buona
2025-09-08 22:00:02,4.9,11.6,Buona
2025-09-08 22:30:02,4.9,10.9,Buona
2025-09-08 23:00:02,4.9,11.7,Buona
2025-09-08 23:30:01,4.7,10.4,Buona
2025-09-09 00:00:01,4.8,9.9,Buona
2025-09-09 00:30:02,4.5,8.7,Buona
2025-09-09 01:00:01,4.6,13.0,Buona
2025-09-09 01:30:01,5.6,11.4,Buona
2025-09-09 02:00:02,5.9,12.9,Buona
2025-09-09 02:30:02,5.2,11.2,Buona
2025-09-09 03:00:02,4.6,10.6,Buona
2025-09-09 03:30:02,5.3,10.8,Buona
2025-09-09 04:00:02,6.1,12.2,Buona
2025-09-09 04:30:03,6.7,14.4,Buona
2025-09-09 05:00:03,7.1,15.5,Buona
2025-09-09 05:30:02,7.3,14.1,Buona
2025-09-09 06:00:02,7.7,17.6,Buona
2025-09-09 06:30:02,7.0,14.4,Buona
2025-09-09 07:00:02,6.5,15.4,Buona
2025-09-09 07:30:02,6.6,12.5,Buona
2025-09-09 08:00:02,6.9,17.0,Buona
2025-09-09 08:30:02,6.6,15.2,Buona
2025-09-09 09:00:01,6.1,12.7,Buona
2025-09-09 09:30:02,4.9,10.2,Buona
2025-09-09 10:00:02,4.5,9.0,Buona
2025-09-09 10:30:01,4.2,10.5,Buona
2025-09-09 11:00:02,3.6,8.1,Buona
2025-09-09 11:30:01,3.7,8.0,Buona
2025-09-09 12:00:02,3.3,7.3,Buona
2025-09-09 12:30:01,3.3,7.6,Buona
2025-09-09 13:00:02,4.4,13.0,Buona
2025-09-09 13:30:01,4.2,9.5,Buona
2025-09-09 14:00:02,3.3,9.3,Buona
2025-09-09 14:30:01,3.2,7.8,Buona
2025-09-09 15:00:02,2.7,6.6,Buona
2025-09-09 15:30:03,2.9,7.1,Buona
2025-09-09 16:00:01,2.7,7.1,Buona
2025-09-09 16:30:01,3.0,6.2,Buona
2025-09-09 17:00:02,2.7,6.8,Buona
2025-09-09 17:30:02,3.5,8.6,Buona
2025-09-09 18:00:02,2.8,5.8,Buona
2025-09-09 18:30:02,2.7,6.2,Buona
2025-09-09 19:00:02,2.6,6.1,Buona
2025-09-09 19:30:02,3.0,9.9,Buona
2025-09-09 20:00:03,2.6,6.6,Buona
2025-09-09 20:30:02,4.0,10.4,Buona
2025-09-09 21:00:02,4.5,11.0,Buona
2025-09-09 21:30:02,3.6,8.0,Buona
2025-09-09 22:00:02,3.5,8.8,Buona
2025-09-09 22:30:02,3.8,8.2,Buona
2025-09-09 23:00:02,3.8,10.1,Buona
2025-09-09 23:30:02,3.8,10.2,Buona
2025-09-10 00:00:02,6.5,14.6,Buona
2025-09-10 00:30:01,5.1,10.2,Buona
2025-09-10 01:00:01,4.6,9.5,Buona
2025-09-10 01:30:01,4.8,8.6,Buona
2025-09-10 02:00:03,4.5,8.9,Buona
2025-09-10 02:30:02,4.3,9.0,Buona
2025-09-10 03:00:02,4.4,9.6,Buona
2025-09-10 03:30:02,2.7,6.1,Buona
2025-09-10 04:00:02,3.6,7.6,Buona
2025-09-10 04:30:02,3.9,9.2,Buona
2025-09-10 05:00:02,3.5,9.8,Buona
2025-09-10 05:30:02,2.8,7.8,Buona
2025-09-10 06:00:02,3.6,7.5,Buona
2025-09-10 06:30:02,3.7,8.0,Buona
2025-09-10 07:00:01,12.8,20.9,Buona
2025-09-10 07:30:02,3.7,8.4,Buona
2025-09-10 08:00:02,14.4,189.7,Buona
2025-09-10 08:30:02,5.4,11.5,Buona
2025-09-10 09:00:02,5.0,11.9,Buona
2025-09-10 09:30:02,5.0,11.3,Buona
2025-09-10 10:00:02,6.4,14.9,Buona
2025-09-10 10:30:02,4.9,15.3,Buona
2025-09-10 11:00:02,3.1,16.1,Buona
2025-09-10 11:30:02,3.5,18.2,Buona
2025-09-10 12:00:02,3.8,18.6,Buona
2025-09-10 12:30:02,4.0,20.4,Buona
2025-09-10 13:00:02,3.9,19.2,Buona
2025-09-10 13:30:02,3.8,16.4,Buona
2025-09-10 14:00:01,4.0,16.9,Buona
2025-09-10 14:30:02,3.4,16.7,Buona
2025-09-10 15:00:03,3.9,22.9,Buona
